[
    {
        "model": "admin.logentry",
        "pk": 1,
        "fields": {
            "action_time": "2023-12-13T14:56:08.863Z",
            "user": 2,
            "content_type": 14,
            "object_id": "1",
            "object_repr": "Wallet",
            "action_flag": 2,
            "change_message": "[{\"changed\": {\"fields\": [\"Crypto percentage\"]}}]"
        }
    },
    {
        "model": "admin.logentry",
        "pk": 2,
        "fields": {
            "action_time": "2023-12-13T15:20:02.862Z",
            "user": 2,
            "content_type": 16,
            "object_id": "1",
            "object_repr": "USD",
            "action_flag": 1,
            "change_message": "[{\"added\": {}}]"
        }
    },
    {
        "model": "admin.logentry",
        "pk": 3,
        "fields": {
            "action_time": "2023-12-13T15:20:10.263Z",
            "user": 2,
            "content_type": 17,
            "object_id": "1",
            "object_repr": "$ balance: 10000",
            "action_flag": 1,
            "change_message": "[{\"added\": {}}]"
        }
    },
    {
        "model": "admin.logentry",
        "pk": 4,
        "fields": {
            "action_time": "2023-12-13T15:22:55.563Z",
            "user": 2,
            "content_type": 17,
            "object_id": "2",
            "object_repr": "$ balance: 721506.00",
            "action_flag": 1,
            "change_message": "[{\"added\": {}}]"
        }
    },
    {
        "model": "admin.logentry",
        "pk": 5,
        "fields": {
            "action_time": "2023-12-13T15:24:16.677Z",
            "user": 2,
            "content_type": 16,
            "object_id": "1",
            "object_repr": "USD",
            "action_flag": 2,
            "change_message": "[{\"changed\": {\"fields\": [\"Icon\"]}}]"
        }
    },
    {
        "model": "admin.logentry",
        "pk": 6,
        "fields": {
            "action_time": "2023-12-13T15:24:31.394Z",
            "user": 2,
            "content_type": 16,
            "object_id": "1",
            "object_repr": "USD",
            "action_flag": 2,
            "change_message": "[{\"changed\": {\"fields\": [\"Icon\"]}}]"
        }
    },
    {
        "model": "admin.logentry",
        "pk": 7,
        "fields": {
            "action_time": "2023-12-13T15:25:00.246Z",
            "user": 2,
            "content_type": 16,
            "object_id": "1",
            "object_repr": "USDT",
            "action_flag": 2,
            "change_message": "[{\"changed\": {\"fields\": [\"Name\"]}}]"
        }
    },
    {
        "model": "admin.logentry",
        "pk": 8,
        "fields": {
            "action_time": "2023-12-13T15:25:50.949Z",
            "user": 2,
            "content_type": 16,
            "object_id": "1",
            "object_repr": "USDT",
            "action_flag": 2,
            "change_message": "[{\"changed\": {\"fields\": [\"Symbol\"]}}]"
        }
    },
    {
        "model": "admin.logentry",
        "pk": 9,
        "fields": {
            "action_time": "2023-12-13T15:36:51.981Z",
            "user": 2,
            "content_type": 16,
            "object_id": "1",
            "object_repr": "USD Tether",
            "action_flag": 2,
            "change_message": "[{\"changed\": {\"fields\": [\"Name\"]}}]"
        }
    },
    {
        "model": "admin.logentry",
        "pk": 10,
        "fields": {
            "action_time": "2023-12-13T15:45:21.868Z",
            "user": 2,
            "content_type": 16,
            "object_id": "2",
            "object_repr": "BITCOIN",
            "action_flag": 1,
            "change_message": "[{\"added\": {}}]"
        }
    },
    {
        "model": "admin.logentry",
        "pk": 11,
        "fields": {
            "action_time": "2023-12-13T15:45:30.058Z",
            "user": 2,
            "content_type": 17,
            "object_id": "1",
            "object_repr": "BTC balance: 10000.00",
            "action_flag": 2,
            "change_message": "[{\"changed\": {\"fields\": [\"Currency\"]}}]"
        }
    },
    {
        "model": "admin.logentry",
        "pk": 12,
        "fields": {
            "action_time": "2023-12-13T15:50:33.166Z",
            "user": 2,
            "content_type": 17,
            "object_id": "1",
            "object_repr": "USDT balance: 10000.00",
            "action_flag": 2,
            "change_message": "[{\"changed\": {\"fields\": [\"Currency\", \"Show pending\"]}}]"
        }
    },
    {
        "model": "admin.logentry",
        "pk": 13,
        "fields": {
            "action_time": "2023-12-13T15:52:54.577Z",
            "user": 2,
            "content_type": 16,
            "object_id": "1",
            "object_repr": "USDT",
            "action_flag": 2,
            "change_message": "[{\"changed\": {\"fields\": [\"Name\"]}}]"
        }
    },
    {
        "model": "admin.logentry",
        "pk": 14,
        "fields": {
            "action_time": "2023-12-13T15:53:00.346Z",
            "user": 2,
            "content_type": 17,
            "object_id": "1",
            "object_repr": "USDT balance: 10000.00",
            "action_flag": 2,
            "change_message": "[{\"changed\": {\"fields\": [\"Show pending\"]}}]"
        }
    },
    {
        "model": "admin.logentry",
        "pk": 15,
        "fields": {
            "action_time": "2023-12-13T15:54:12.366Z",
            "user": 2,
            "content_type": 16,
            "object_id": "1",
            "object_repr": "USDT",
            "action_flag": 2,
            "change_message": "[{\"changed\": {\"fields\": [\"Symbol\"]}}]"
        }
    },
    {
        "model": "admin.logentry",
        "pk": 16,
        "fields": {
            "action_time": "2023-12-13T15:54:18.060Z",
            "user": 2,
            "content_type": 17,
            "object_id": "1",
            "object_repr": "TRC20 balance: 10000.00",
            "action_flag": 2,
            "change_message": "[]"
        }
    },
    {
        "model": "admin.logentry",
        "pk": 17,
        "fields": {
            "action_time": "2023-12-13T15:55:16.062Z",
            "user": 2,
            "content_type": 17,
            "object_id": "3",
            "object_repr": "BTC balance: 100",
            "action_flag": 1,
            "change_message": "[{\"added\": {}}]"
        }
    },
    {
        "model": "admin.logentry",
        "pk": 18,
        "fields": {
            "action_time": "2023-12-13T16:03:33.069Z",
            "user": 2,
            "content_type": 17,
            "object_id": "4",
            "object_repr": "TRC20 balance: 9510",
            "action_flag": 1,
            "change_message": "[{\"added\": {}}]"
        }
    },
    {
        "model": "admin.logentry",
        "pk": 19,
        "fields": {
            "action_time": "2023-12-13T16:04:57.229Z",
            "user": 2,
            "content_type": 18,
            "object_id": "1",
            "object_repr": "History object (1)",
            "action_flag": 1,
            "change_message": "[{\"added\": {}}]"
        }
    },
    {
        "model": "admin.logentry",
        "pk": 20,
        "fields": {
            "action_time": "2023-12-13T16:06:22.779Z",
            "user": 2,
            "content_type": 14,
            "object_id": "4",
            "object_repr": "Mohammed",
            "action_flag": 2,
            "change_message": "[{\"changed\": {\"fields\": [\"Crypto percentage\"]}}]"
        }
    },
    {
        "model": "admin.logentry",
        "pk": 21,
        "fields": {
            "action_time": "2023-12-13T16:07:23.858Z",
            "user": 2,
            "content_type": 14,
            "object_id": "4",
            "object_repr": "Mohammed",
            "action_flag": 2,
            "change_message": "[{\"changed\": {\"fields\": [\"Transfer percentage\"]}}]"
        }
    },
    {
        "model": "admin.logentry",
        "pk": 22,
        "fields": {
            "action_time": "2023-12-13T23:01:32.674Z",
            "user": 2,
            "content_type": 17,
            "object_id": "1",
            "object_repr": "TRC20 balance: 50000",
            "action_flag": 2,
            "change_message": "[{\"changed\": {\"fields\": [\"Balance\"]}}]"
        }
    },
    {
        "model": "admin.logentry",
        "pk": 23,
        "fields": {
            "action_time": "2023-12-13T23:02:08.196Z",
            "user": 2,
            "content_type": 17,
            "object_id": "4",
            "object_repr": "TRC20 balance: 9510",
            "action_flag": 2,
            "change_message": "[]"
        }
    },
    {
        "model": "admin.logentry",
        "pk": 24,
        "fields": {
            "action_time": "2023-12-13T23:24:43.196Z",
            "user": 2,
            "content_type": 14,
            "object_id": "4",
            "object_repr": "Mohammed",
            "action_flag": 2,
            "change_message": "[{\"changed\": {\"fields\": [\"password\"]}}]"
        }
    },
    {
        "model": "admin.logentry",
        "pk": 25,
        "fields": {
            "action_time": "2023-12-14T08:08:49.163Z",
            "user": 2,
            "content_type": 17,
            "object_id": "4",
            "object_repr": "TRC20 balance: 0",
            "action_flag": 2,
            "change_message": "[{\"changed\": {\"fields\": [\"Balance\"]}}]"
        }
    },
    {
        "model": "admin.logentry",
        "pk": 26,
        "fields": {
            "action_time": "2023-12-14T08:09:02.476Z",
            "user": 2,
            "content_type": 17,
            "object_id": "4",
            "object_repr": "TRC20 balance: 9510",
            "action_flag": 2,
            "change_message": "[{\"changed\": {\"fields\": [\"Balance\"]}}]"
        }
    },
    {
        "model": "admin.logentry",
        "pk": 27,
        "fields": {
            "action_time": "2023-12-20T01:28:40.628Z",
            "user": 2,
            "content_type": 17,
            "object_id": "6",
            "object_repr": "TRC20 balance: 20020",
            "action_flag": 2,
            "change_message": "[{\"changed\": {\"fields\": [\"Balance\"]}}]"
        }
    },
    {
        "model": "admin.logentry",
        "pk": 28,
        "fields": {
            "action_time": "2023-12-24T10:53:01.581Z",
            "user": 2,
            "content_type": 17,
            "object_id": "8",
            "object_repr": "TRC20 balance: 15000",
            "action_flag": 2,
            "change_message": "[{\"changed\": {\"fields\": [\"Balance\", \"Show pending\"]}}]"
        }
    },
    {
        "model": "admin.logentry",
        "pk": 29,
        "fields": {
            "action_time": "2023-12-24T11:02:34.459Z",
            "user": 2,
            "content_type": 14,
            "object_id": "7",
            "object_repr": "Walletd",
            "action_flag": 2,
            "change_message": "[{\"changed\": {\"fields\": [\"Transfer percentage\"]}}]"
        }
    },
    {
        "model": "admin.logentry",
        "pk": 30,
        "fields": {
            "action_time": "2023-12-24T11:02:54.454Z",
            "user": 2,
            "content_type": 17,
            "object_id": "10",
            "object_repr": "TRC20 balance: 8900",
            "action_flag": 2,
            "change_message": "[{\"changed\": {\"fields\": [\"Balance\"]}}]"
        }
    },
    {
        "model": "admin.logentry",
        "pk": 31,
        "fields": {
            "action_time": "2023-12-24T11:03:35.548Z",
            "user": 2,
            "content_type": 18,
            "object_id": "2",
            "object_repr": "History object (2)",
            "action_flag": 1,
            "change_message": "[{\"added\": {}}]"
        }
    },
    {
        "model": "admin.logentry",
        "pk": 32,
        "fields": {
            "action_time": "2023-12-24T11:05:14.855Z",
            "user": 2,
            "content_type": 14,
            "object_id": "6",
            "object_repr": "Raphcoh",
            "action_flag": 2,
            "change_message": "[{\"changed\": {\"fields\": [\"Crypto percentage\", \"Transfer percentage\", \"Is staff\"]}}]"
        }
    },
    {
        "model": "admin.logentry",
        "pk": 33,
        "fields": {
            "action_time": "2024-01-02T10:05:27.215Z",
            "user": 2,
            "content_type": 16,
            "object_id": "3",
            "object_repr": "ETHEREUM",
            "action_flag": 1,
            "change_message": "[{\"added\": {}}]"
        }
    },
    {
        "model": "admin.logentry",
        "pk": 34,
        "fields": {
            "action_time": "2024-01-02T10:12:37.319Z",
            "user": 2,
            "content_type": 17,
            "object_id": "16",
            "object_repr": "ETH balance: 149998.03",
            "action_flag": 1,
            "change_message": "[{\"added\": {}}]"
        }
    },
    {
        "model": "admin.logentry",
        "pk": 35,
        "fields": {
            "action_time": "2024-01-02T10:13:11.681Z",
            "user": 2,
            "content_type": 18,
            "object_id": "3",
            "object_repr": "History object (3)",
            "action_flag": 1,
            "change_message": "[{\"added\": {}}]"
        }
    },
    {
        "model": "admin.logentry",
        "pk": 36,
        "fields": {
            "action_time": "2024-01-02T10:17:30.843Z",
            "user": 2,
            "content_type": 14,
            "object_id": "8",
            "object_repr": "Damjanovski",
            "action_flag": 2,
            "change_message": "[{\"changed\": {\"fields\": [\"Crypto percentage\", \"Transfer percentage\"]}}]"
        }
    },
    {
        "model": "admin.logentry",
        "pk": 37,
        "fields": {
            "action_time": "2024-01-03T09:51:44.401Z",
            "user": 2,
            "content_type": 17,
            "object_id": "16",
            "object_repr": "ETH balance: 151448.03",
            "action_flag": 2,
            "change_message": "[{\"changed\": {\"fields\": [\"Balance\"]}}]"
        }
    },
    {
        "model": "admin.logentry",
        "pk": 38,
        "fields": {
            "action_time": "2024-01-03T09:57:04.629Z",
            "user": 2,
            "content_type": 14,
            "object_id": "8",
            "object_repr": "Damjanovski",
            "action_flag": 2,
            "change_message": "[{\"changed\": {\"fields\": [\"Crypto percentage\", \"Transfer percentage\"]}}]"
        }
    },
    {
        "model": "admin.logentry",
        "pk": 39,
        "fields": {
            "action_time": "2024-01-03T10:05:59.859Z",
            "user": 2,
            "content_type": 14,
            "object_id": "8",
            "object_repr": "Damjanovski",
            "action_flag": 2,
            "change_message": "[{\"changed\": {\"fields\": [\"Crypto percentage\"]}}]"
        }
    },
    {
        "model": "admin.logentry",
        "pk": 40,
        "fields": {
            "action_time": "2024-01-04T08:24:55.792Z",
            "user": 2,
            "content_type": 17,
            "object_id": "8",
            "object_repr": "TRC20 balance: 15850",
            "action_flag": 2,
            "change_message": "[{\"changed\": {\"fields\": [\"Balance\", \"Show pending\"]}}]"
        }
    },
    {
        "model": "admin.logentry",
        "pk": 41,
        "fields": {
            "action_time": "2024-01-04T08:30:22.774Z",
            "user": 2,
            "content_type": 14,
            "object_id": "6",
            "object_repr": "Raphcoh",
            "action_flag": 2,
            "change_message": "[{\"changed\": {\"fields\": [\"Transfer percentage\"]}}]"
        }
    },
    {
        "model": "admin.logentry",
        "pk": 42,
        "fields": {
            "action_time": "2024-01-11T16:42:25.716Z",
            "user": 2,
            "content_type": 14,
            "object_id": "6",
            "object_repr": "Raphcoh",
            "action_flag": 2,
            "change_message": "[{\"changed\": {\"fields\": [\"Crypto percentage\"]}}]"
        }
    },
    {
        "model": "admin.logentry",
        "pk": 43,
        "fields": {
            "action_time": "2024-01-11T16:47:18.313Z",
            "user": 2,
            "content_type": 17,
            "object_id": "8",
            "object_repr": "TRC20 balance: 16800",
            "action_flag": 2,
            "change_message": "[{\"changed\": {\"fields\": [\"Balance\"]}}]"
        }
    },
    {
        "model": "admin.logentry",
        "pk": 44,
        "fields": {
            "action_time": "2024-01-14T10:16:25.540Z",
            "user": 2,
            "content_type": 14,
            "object_id": "11",
            "object_repr": "Natalia",
            "action_flag": 2,
            "change_message": "[{\"changed\": {\"fields\": [\"Crypto percentage\", \"Transfer percentage\"]}}]"
        }
    },
    {
        "model": "admin.logentry",
        "pk": 45,
        "fields": {
            "action_time": "2024-01-14T10:18:16.165Z",
            "user": 2,
            "content_type": 17,
            "object_id": "21",
            "object_repr": "TRC20 balance: 41500",
            "action_flag": 2,
            "change_message": "[{\"changed\": {\"fields\": [\"Balance\"]}}]"
        }
    },
    {
        "model": "admin.logentry",
        "pk": 46,
        "fields": {
            "action_time": "2024-01-14T10:19:06.410Z",
            "user": 2,
            "content_type": 18,
            "object_id": "4",
            "object_repr": "History object (4)",
            "action_flag": 1,
            "change_message": "[{\"added\": {}}]"
        }
    },
    {
        "model": "admin.logentry",
        "pk": 47,
        "fields": {
            "action_time": "2024-01-21T00:01:49.623Z",
            "user": 2,
            "content_type": 14,
            "object_id": "12",
            "object_repr": "Urians",
            "action_flag": 2,
            "change_message": "[{\"changed\": {\"fields\": [\"Crypto percentage\", \"Transfer percentage\"]}}]"
        }
    },
    {
        "model": "admin.logentry",
        "pk": 48,
        "fields": {
            "action_time": "2024-01-21T00:02:18.563Z",
            "user": 2,
            "content_type": 17,
            "object_id": "25",
            "object_repr": "ETH balance: 10999",
            "action_flag": 2,
            "change_message": "[{\"changed\": {\"fields\": [\"Balance\"]}}]"
        }
    },
    {
        "model": "admin.logentry",
        "pk": 49,
        "fields": {
            "action_time": "2024-01-21T00:02:45.999Z",
            "user": 2,
            "content_type": 14,
            "object_id": "12",
            "object_repr": "Urians",
            "action_flag": 2,
            "change_message": "[]"
        }
    },
    {
        "model": "admin.logentry",
        "pk": 50,
        "fields": {
            "action_time": "2024-01-21T00:03:13.899Z",
            "user": 2,
            "content_type": 14,
            "object_id": "12",
            "object_repr": "Urians",
            "action_flag": 2,
            "change_message": "[{\"changed\": {\"fields\": [\"Crypto percentage\", \"Transfer percentage\"]}}]"
        }
    },
    {
        "model": "admin.logentry",
        "pk": 51,
        "fields": {
            "action_time": "2024-01-21T00:03:53.803Z",
            "user": 2,
            "content_type": 18,
            "object_id": "5",
            "object_repr": "History object (5)",
            "action_flag": 1,
            "change_message": "[{\"added\": {}}]"
        }
    },
    {
        "model": "admin.logentry",
        "pk": 52,
        "fields": {
            "action_time": "2024-01-26T13:35:21.778Z",
            "user": 2,
            "content_type": 17,
            "object_id": "28",
            "object_repr": "ETH balance: 622",
            "action_flag": 2,
            "change_message": "[{\"changed\": {\"fields\": [\"Balance\"]}}]"
        }
    },
    {
        "model": "admin.logentry",
        "pk": 53,
        "fields": {
            "action_time": "2024-01-26T13:38:59.531Z",
            "user": 2,
            "content_type": 14,
            "object_id": "13",
            "object_repr": "JustJodie73",
            "action_flag": 2,
            "change_message": "[{\"changed\": {\"fields\": [\"Crypto percentage\", \"Transfer percentage\"]}}]"
        }
    },
    {
        "model": "admin.logentry",
        "pk": 54,
        "fields": {
            "action_time": "2024-01-26T17:27:32.816Z",
            "user": 2,
            "content_type": 17,
            "object_id": "16",
            "object_repr": "ETH balance: 152898.03",
            "action_flag": 2,
            "change_message": "[{\"changed\": {\"fields\": [\"Balance\"]}}]"
        }
    },
    {
        "model": "admin.logentry",
        "pk": 55,
        "fields": {
            "action_time": "2024-01-26T17:28:43.945Z",
            "user": 2,
            "content_type": 14,
            "object_id": "8",
            "object_repr": "Damjanovski",
            "action_flag": 2,
            "change_message": "[{\"changed\": {\"fields\": [\"Crypto percentage\"]}}]"
        }
    },
    {
        "model": "admin.logentry",
        "pk": 56,
        "fields": {
            "action_time": "2024-02-12T13:36:22.435Z",
            "user": 2,
            "content_type": 17,
            "object_id": "30",
            "object_repr": "TRC20 balance: 22700",
            "action_flag": 2,
            "change_message": "[{\"changed\": {\"fields\": [\"Balance\"]}}]"
        }
    },
    {
        "model": "admin.logentry",
        "pk": 57,
        "fields": {
            "action_time": "2024-02-12T13:37:03.660Z",
            "user": 2,
            "content_type": 14,
            "object_id": "14",
            "object_repr": "marzi0084",
            "action_flag": 2,
            "change_message": "[{\"changed\": {\"fields\": [\"Crypto percentage\", \"Transfer percentage\"]}}]"
        }
    },
    {
        "model": "admin.logentry",
        "pk": 58,
        "fields": {
            "action_time": "2024-02-12T13:37:33.175Z",
            "user": 2,
            "content_type": 18,
            "object_id": "6",
            "object_repr": "History object (6)",
            "action_flag": 1,
            "change_message": "[{\"added\": {}}]"
        }
    },
    {
        "model": "admin.logentry",
        "pk": 59,
        "fields": {
            "action_time": "2024-02-12T13:44:59.930Z",
            "user": 2,
            "content_type": 17,
            "object_id": "33",
            "object_repr": "TRC20 balance: 58100.32",
            "action_flag": 2,
            "change_message": "[{\"changed\": {\"fields\": [\"Balance\"]}}]"
        }
    },
    {
        "model": "admin.logentry",
        "pk": 60,
        "fields": {
            "action_time": "2024-02-12T13:47:11.384Z",
            "user": 2,
            "content_type": 14,
            "object_id": "15",
            "object_repr": "Ccahill",
            "action_flag": 2,
            "change_message": "[{\"changed\": {\"fields\": [\"Crypto percentage\", \"Transfer percentage\"]}}]"
        }
    },
    {
        "model": "admin.logentry",
        "pk": 61,
        "fields": {
            "action_time": "2024-02-12T22:46:02.491Z",
            "user": 2,
            "content_type": 17,
            "object_id": "32",
            "object_repr": "BTC balance: 950",
            "action_flag": 2,
            "change_message": "[{\"changed\": {\"fields\": [\"Balance\"]}}]"
        }
    },
    {
        "model": "admin.logentry",
        "pk": 62,
        "fields": {
            "action_time": "2024-02-12T22:46:43.896Z",
            "user": 2,
            "content_type": 14,
            "object_id": "15",
            "object_repr": "Ccahill",
            "action_flag": 2,
            "change_message": "[{\"changed\": {\"fields\": [\"Crypto percentage\"]}}]"
        }
    },
    {
        "model": "admin.logentry",
        "pk": 63,
        "fields": {
            "action_time": "2024-03-07T07:34:13.604Z",
            "user": 2,
            "content_type": 17,
            "object_id": "37",
            "object_repr": "ETH balance: 119726",
            "action_flag": 2,
            "change_message": "[{\"changed\": {\"fields\": [\"Balance\"]}}]"
        }
    },
    {
        "model": "admin.logentry",
        "pk": 64,
        "fields": {
            "action_time": "2024-03-07T07:35:16.236Z",
            "user": 2,
            "content_type": 14,
            "object_id": "16",
            "object_repr": "Giorno88",
            "action_flag": 2,
            "change_message": "[{\"changed\": {\"fields\": [\"Crypto percentage\", \"Transfer percentage\"]}}]"
        }
    },
    {
        "model": "admin.logentry",
        "pk": 65,
        "fields": {
            "action_time": "2024-03-07T07:36:17.313Z",
            "user": 2,
            "content_type": 18,
            "object_id": "7",
            "object_repr": "History object (7)",
            "action_flag": 1,
            "change_message": "[{\"added\": {}}]"
        }
    },
    {
        "model": "admin.logentry",
        "pk": 66,
        "fields": {
            "action_time": "2024-03-08T02:05:10.881Z",
            "user": 2,
            "content_type": 17,
            "object_id": "39",
            "object_repr": "TRC20 balance: 59750",
            "action_flag": 2,
            "change_message": "[{\"changed\": {\"fields\": [\"Balance\"]}}]"
        }
    },
    {
        "model": "admin.logentry",
        "pk": 67,
        "fields": {
            "action_time": "2024-03-08T02:05:49.962Z",
            "user": 2,
            "content_type": 18,
            "object_id": "8",
            "object_repr": "History object (8)",
            "action_flag": 1,
            "change_message": "[{\"added\": {}}]"
        }
    },
    {
        "model": "admin.logentry",
        "pk": 68,
        "fields": {
            "action_time": "2024-03-08T02:06:39.258Z",
            "user": 2,
            "content_type": 14,
            "object_id": "17",
            "object_repr": "micarisraf",
            "action_flag": 2,
            "change_message": "[{\"changed\": {\"fields\": [\"Crypto percentage\", \"Transfer percentage\"]}}]"
        }
    },
    {
        "model": "admin.logentry",
        "pk": 69,
        "fields": {
            "action_time": "2024-03-08T02:58:55.614Z",
            "user": 2,
            "content_type": 17,
            "object_id": "8",
            "object_repr": "TRC20 balance: 19950",
            "action_flag": 2,
            "change_message": "[{\"changed\": {\"fields\": [\"Balance\"]}}]"
        }
    },
    {
        "model": "admin.logentry",
        "pk": 70,
        "fields": {
            "action_time": "2024-03-11T15:27:00.023Z",
            "user": 2,
            "content_type": 17,
            "object_id": "45",
            "object_repr": "TRC20 balance: 14920",
            "action_flag": 2,
            "change_message": "[{\"changed\": {\"fields\": [\"Balance\"]}}]"
        }
    },
    {
        "model": "admin.logentry",
        "pk": 71,
        "fields": {
            "action_time": "2024-03-11T15:28:11.206Z",
            "user": 2,
            "content_type": 14,
            "object_id": "19",
            "object_repr": "Dwight900",
            "action_flag": 2,
            "change_message": "[{\"changed\": {\"fields\": [\"Crypto percentage\", \"Transfer percentage\"]}}]"
        }
    },
    {
        "model": "admin.logentry",
        "pk": 72,
        "fields": {
            "action_time": "2024-03-13T02:49:47.768Z",
            "user": 2,
            "content_type": 14,
            "object_id": "16",
            "object_repr": "Giorno88",
            "action_flag": 2,
            "change_message": "[{\"changed\": {\"fields\": [\"password\"]}}]"
        }
    },
    {
        "model": "sessions.session",
        "pk": "01bfr56qemr3iy0ilqugg5n7i90ef7h7",
        "fields": {
            "session_data": ".eJxVjMsOwiAURP-FtWm40PJwpz9CuFNIiQ1NLF0Z_93WdKHLOTNzXiLErU1hW9MzlFFcBRlx-YUc8Uj1aOI8H7iLwLLV1n03Z712tz2l2gpiK0u9n68_1RTXafcwY1A-cXYEhmfTkyTjMwOwugcpTyNYQ0mrcrLS6JQVem0HJ60z4v0BBE08pg:1rkL9l:_dLicsLqAN-VG323VIrPrtmEC0AVpIE72osL1iMcenk",
            "expire_date": "2024-03-27T09:44:17.668Z"
        }
    },
    {
        "model": "sessions.session",
        "pk": "0dt9euzr2h2xaoaemvqh3x55kg3ze944",
        "fields": {
            "session_data": ".eJxVjMsOwiAQRf-FtSE8B3Dp3m8gAwNSNTQp7cr479qkC93ec859sYjb2uI2yhInYmcmJTv9jgnzo_Sd0B37beZ57usyJb4r_KCDX2cqz8vh_h00HO1boyVICihVkwoIqasVELShojIGqwicJeOLr8ooDTZ4oZ3WDg1acF6y9wcDyDch:1rTmUx:FCyilcmPcBPCQoQ8IG-KV5l75353ImJZ-G4a07X-RfM",
            "expire_date": "2024-02-10T17:29:43.668Z"
        }
    },
    {
        "model": "sessions.session",
        "pk": "0qq6k4jo005te6clohqxnu7or0o1xk9w",
        "fields": {
            "session_data": ".eJxVjDEOwjAMRe-SGUVpUkPMyM4ZIsd2SAG1UtNOiLtDpQ6w_vfef5lE61LT2nROg5iziebwu2Xih44bkDuNt8nyNC7zkO2m2J02e51En5fd_Tuo1Oq37krMnpCh9JwzojgUVkYHfewIvMSTUoBjDMVrYALgggG1Z0IQV8z7AwUkOK4:1rWXI6:km2V0_S00Mf2Hfvz-rQkf55DqDmF2z5FKqNX1b0MH3o",
            "expire_date": "2024-02-18T07:51:50.343Z"
        }
    },
    {
        "model": "sessions.session",
        "pk": "1ktc691hoeonjldkngdf2w7fimsndvpi",
        "fields": {
            "session_data": ".eJxVjDsOwyAQBe9CHSHAaxZSpvcZrF0-wUkEkrGrKHePLLlI2jcz7y1m2rcy7z2t8xLFVWgvLr8jU3imepD4oHpvMrS6rQvLQ5En7XJqMb1up_t3UKiXo2ZLYLOiARg9K_Cg0WIGO5jMGEcHg4qGRrCAyaAOUTEbhJTBBe_E5wv37DeE:1rjhDD:kT1eKr-_dRpMyLPuT0VUsE8h2esjyJ3njOvFo77KNOA",
            "expire_date": "2024-03-25T15:05:11.464Z"
        }
    },
    {
        "model": "sessions.session",
        "pk": "1lw5g8jzh9h9ndmcp88dzkwn360t7jxw",
        "fields": {
            "session_data": ".eJxVjMsOwiAQRf-FtSE8B3Dp3m8gAwNSNTQp7cr479qkC93ec859sYjb2uI2yhInYmcmJTv9jgnzo_Sd0B37beZ57usyJb4r_KCDX2cqz8vh_h00HO1boyVICihVkwoIqasVELShojIGqwicJeOLr8ooDTZ4oZ3WDg1acF6y9wcDyDch:1rRqDG:mQdRvOJJ-tFsAlVEB8e_ygPVG-XSjpNW0HFHy6LFBPY",
            "expire_date": "2024-02-05T09:03:26.639Z"
        }
    },
    {
        "model": "sessions.session",
        "pk": "1o1d69olz9kyo6xllwenpthklzbcf22b",
        "fields": {
            "session_data": ".eJxVjMsOgyAURP-FdWNU5KG79kfIfUAkpZgodNP036uNG5dzZuZ8BBAtNRf39msM0bPzL4hJTLmmdBMOapld3fzqIotJGHFhCPT0-SggpQM3p675b856a-578rlEghKX_DhfF9UM27x7ug41Kh2AiUdSZMiDHiUPHhCNGqQJiH0g1CSx5d4qy5aMtGBaZkTx_QHAAEld:1rHMEJ:giEqvD2Ap8_dCITldZd_dQqdvzO2GbhKjAyzMYBLDos",
            "expire_date": "2024-01-07T11:01:11.293Z"
        }
    },
    {
        "model": "sessions.session",
        "pk": "280ja8nuowdyrqg7ln7xivykxmce9hf1",
        "fields": {
            "session_data": ".eJxVjMsOwiAQRf-FtSEUGAZcuvcbyPCSqoGktCvjv2uTLnR7zzn3xTxta_XbyIufEzszw06_W6D4yG0H6U7t1nnsbV3mwHeFH3Twa0_5eTncv4NKo37rIoQoQFJhcYgTTcJEDRAjkhYSiFBhVMEFJwxaackaDKA1SAsUMLH3B8OXNuU:1rVGMS:HUX99fn5ccg1rdqy2F9Gh7i1McKeAsOtLDlHLf2IMUY",
            "expire_date": "2024-02-14T19:35:04.441Z"
        }
    },
    {
        "model": "sessions.session",
        "pk": "285o4bjg3no1qjke3ozv4k08rh2gym8y",
        "fields": {
            "session_data": ".eJxVjMsOwiAQRf-FtSEUGAZcuvcbyPCSqoGktCvjv2uTLnR7zzn3xTxta_XbyIufEzszw06_W6D4yG0H6U7t1nnsbV3mwHeFH3Twa0_5eTncv4NKo37rIoQoQFJhcYgTTcJEDRAjkhYSiFBhVMEFJwxaackaDKA1SAsUMLH3B8OXNuU:1rYPNZ:AU3rIP1A8DzIp6Hw4jh8AWSBVtEKf82DY6QzKNFPU3g",
            "expire_date": "2024-02-23T11:49:13.080Z"
        }
    },
    {
        "model": "sessions.session",
        "pk": "2a06mr69a113v881tkm9wjgoemg2zfy1",
        "fields": {
            "session_data": ".eJxVjEEOwiAQRe_C2pCB0hFcuu8ZyMCAVA0kpV0Z765NutDtf-_9l_C0rcVvPS1-ZnERWpx-t0DxkeoO-E711mRsdV3mIHdFHrTLqXF6Xg_376BQL9_aGZ0QWYNVZEEhW0OjNjwAwlklQzZGZcABog1jGhjYOpV1Vpk1khHvD6-dNtc:1rRLFb:wsk6My4XhE4e0B3-HwHxLZx9bWYmhdLkj6NajXHVJZs",
            "expire_date": "2024-02-03T23:59:47.886Z"
        }
    },
    {
        "model": "sessions.session",
        "pk": "2e8r27ejqqdopt4d8onpusotoujknirl",
        "fields": {
            "session_data": ".eJxVjMsOwiAQAP-FsyE8u61H7_2GZlkWqRpISnsy_rsh6UGvM5N5iwWPPS9H421Zo7gK7cXlFwakJ5du4gPLvUqqZd_WIHsiT9vkXCO_bmf7N8jYcv9aFVUwYCKGMYENiZJzAdhMDhid1pqjRSaYBnTJG69h4DSSV8zkjPh8ARjTOI4:1rZeye:5qdE-pZ3iXKqqKVRqqv07MwEgV-zSpsCSR2WNWaMtho",
            "expire_date": "2024-02-26T22:40:40.310Z"
        }
    },
    {
        "model": "sessions.session",
        "pk": "2mlyd3aaa6s33brsovk2udsd8rwcr800",
        "fields": {
            "session_data": ".eJxVjMsOgjAURP-la9NwS22LS_d-Q3NfFdRAQmFl_HchYaHLmXNm3ibjuvR5rTrnQczFQDCn35KQnzruRB443ifL07jMA9ldsQet9jaJvq6H-3fQY-23NfmoDJQKOwT1jRZwXRI9C3gX0Knj5JvQYiTpIm-5LVwcemASAm8-XySiON0:1rk22r:J-_nUtAzGstYOqXySTNoFVvW4sDz4UpGfylYIM9V200",
            "expire_date": "2024-03-26T13:19:53.771Z"
        }
    },
    {
        "model": "sessions.session",
        "pk": "2vjdlj2molck0vcpouh6vlzmm8qbe3pb",
        "fields": {
            "session_data": ".eJxVjDEOwjAMRe-SGUVpUkPMyM4ZIsd2SAG1UtNOiLtDpQ6w_vfef5lE61LT2nROg5iziebwu2Xih44bkDuNt8nyNC7zkO2m2J02e51En5fd_Tuo1Oq37krMnpCh9JwzojgUVkYHfewIvMSTUoBjDMVrYALgggG1Z0IQV8z7AwUkOK4:1rSCxk:iRjAIi2vZsiqaoH4liuARhqHx2sSC5jJrUNlLYAt2aQ",
            "expire_date": "2024-02-06T09:20:56.515Z"
        }
    },
    {
        "model": "sessions.session",
        "pk": "2vq5b18z6fer2izpt9i2vvqmsk5fifvg",
        "fields": {
            "session_data": ".eJxVjEEOgyAURO_CujGIwEd37UXI5wuRlGIi0E3Tu1cbNy7nzcz7MCRaW6727bcYop-tf2FMbMotpRuz2OpiW_GbjTObmGYX5pCePh8FpnTg7tR1_81Zl-6-J59rJKxxzY_zdVEtWJbdEzjnQaEYIIwAPfZck1SKCFByoRBhABrc6EauwQiDRoNTUiphFDqY2fcHYitGvw:1rHLwY:tglrKaPHYYWPJl2NCFfh_pVWNATzcWs99-3Tee7tD3Q",
            "expire_date": "2024-01-07T10:42:50.865Z"
        }
    },
    {
        "model": "sessions.session",
        "pk": "2w3hhn4x79xd4v215x0d1fbxleypcj23",
        "fields": {
            "session_data": ".eJxVjEEOwiAQRe_C2pCB0hFcuu8ZyMCAVA0kpV0Z765NutDtf-_9l_C0rcVvPS1-ZnERWpx-t0DxkeoO-E711mRsdV3mIHdFHrTLqXF6Xg_376BQL9_aGZ0QWYNVZEEhW0OjNjwAwlklQzZGZcABog1jGhjYOpV1Vpk1khHvD6-dNtc:1rkEgd:bPlBtxQtamQJf2Igf_nzu9FsXE9Lh043qgs2oKhsLow",
            "expire_date": "2024-03-27T02:49:47.781Z"
        }
    },
    {
        "model": "sessions.session",
        "pk": "3phf0624f5d224hbkl4eda2z23jzzv92",
        "fields": {
            "session_data": ".eJxVjMsOwiAQRf-FtSEUGAZcuvcbyPCSqoGktCvjv2uTLnR7zzn3xTxta_XbyIufEzszw06_W6D4yG0H6U7t1nnsbV3mwHeFH3Twa0_5eTncv4NKo37rIoQoQFJhcYgTTcJEDRAjkhYSiFBhVMEFJwxaackaDKA1SAsUMLH3B8OXNuU:1rWJ04:3Hk7wNEsI4vgY0Cwo2ubQJOdUZgrhq6LbRdR0jv615k",
            "expire_date": "2024-02-17T16:36:16.684Z"
        }
    },
    {
        "model": "sessions.session",
        "pk": "3scm14v6hzmxdawkb1dt9uviltyts0co",
        "fields": {
            "session_data": ".eJxVjDsOwjAQRO_iGkXrD86ng4tYa-9asTCORGwaxN1JUJqU82bmfQSGsLRS3ZtfKSYmx09MWUyl5XwRDludXVv55RKJSUgrTtBjeHDZG8x5x93h6_6bo16725a41BSwpqXcj9dJNeM6b56gmaIf0HpFAMMVtB37fjCRo9HSj9EoUGwleKswBgUWgu6tiZ6ASEvx_QG3PEfN:1rhsQu:hTl7yfD7cDCwgOikOk-LP8p06P9tUiMk5vUyFpeNmbE",
            "expire_date": "2024-03-20T14:39:48.759Z"
        }
    },
    {
        "model": "sessions.session",
        "pk": "3tftx9mysshag6lk6fpjio0cdz4p2ig8",
        "fields": {
            "session_data": ".eJxVjMsOwiAQAP-FsyE8u61H7_2GZlkWqRpISnsy_rsh6UGvM5N5iwWPPS9H421Zo7gK7cXlFwakJ5du4gPLvUqqZd_WIHsiT9vkXCO_bmf7N8jYcv9aFVUwYCKGMYENiZJzAdhMDhid1pqjRSaYBnTJG69h4DSSV8zkjPh8ARjTOI4:1rZXRm:NF_0RM-KlPjp7mrWNizE5u1xuHGdw7vzprXXHkJWwEM",
            "expire_date": "2024-02-26T14:38:14.767Z"
        }
    },
    {
        "model": "sessions.session",
        "pk": "3usv1qyc0kzc31mag62ocijo8cuc6f8u",
        "fields": {
            "session_data": ".eJxVjEEOwiAUBe_C2pAW4VNcuvcM5AEfqRqalHZlvLtt0oVu38y8t_BYl-LXxrMfk7gII06_W0B8ct1BeqDeJxmnusxjkLsiD9rkbUr8uh7u30FBK1utskkUzKAQFcfOBksgdLAO0GDis9F9pshZO2bTO4fssmaizXBqEJ8vAnw4gg:1rJphX:s3HOwtnKjFareZi6U88KfVHWrtxpJq1XWPrd2VZcy0M",
            "expire_date": "2024-01-14T06:53:35.406Z"
        }
    },
    {
        "model": "sessions.session",
        "pk": "3xhlla8vgmbb8uatqasn5px2ooxsm0h9",
        "fields": {
            "session_data": ".eJxVjMsOwiAQRf-FtSHDw4G6dN9vIAwDUjU0Ke3K-O_apAvd3nPOfYkQt7WGreclTCwuQqE4_Y4U0yO3nfA9ttss09zWZSK5K_KgXY4z5-f1cP8Oauz1WyeTuZCPSJoB_BkMDs55W3KxRtFQrAadUQGhjiVpQEjGoS3EwGyUeH8AC2c38w:1riCXx:X4Ov0uiILDBEMRLR_M9A19c4estfUwaBvcWJBoLH8Pg",
            "expire_date": "2024-03-21T12:08:25.694Z"
        }
    },
    {
        "model": "sessions.session",
        "pk": "43fhqfpabmiaxh06ih9pg1w8lll73klz",
        "fields": {
            "session_data": ".eJxVjMsOwiAQRf-FtSEUGAZcuvcbyPCSqoGktCvjv2uTLnR7zzn3xTxta_XbyIufEzszw06_W6D4yG0H6U7t1nnsbV3mwHeFH3Twa0_5eTncv4NKo37rIoQoQFJhcYgTTcJEDRAjkhYSiFBhVMEFJwxaackaDKA1SAsUMLH3B8OXNuU:1rKFMT:_Wrq8mPYg7tepmPsxQ4r8aZx1mKZ828kLD52MWqdqe0",
            "expire_date": "2024-01-15T10:17:33.036Z"
        }
    },
    {
        "model": "sessions.session",
        "pk": "47z0gnwixr2gndvxghwb38bmbt2wmw7u",
        "fields": {
            "session_data": ".eJxVjEEOwiAUBe_C2pAW4VNcuvcM5AEfqRqalHZlvLtt0oVu38y8t_BYl-LXxrMfk7gII06_W0B8ct1BeqDeJxmnusxjkLsiD9rkbUr8uh7u30FBK1utskkUzKAQFcfOBksgdLAO0GDis9F9pshZO2bTO4fssmaizXBqEJ8vAnw4gg:1rZnyI:Gm4lbEelC4oQg_0ie11wFz8MUrb85BzURnTlTHa4GzM",
            "expire_date": "2024-02-27T08:16:54.365Z"
        }
    },
    {
        "model": "sessions.session",
        "pk": "494pnm8nyw1w8je9e2li4sl92puwytkd",
        "fields": {
            "session_data": ".eJxVjMsOwiAQRf-FtSE8B3Dp3m8gAwNSNTQp7cr479qkC93ec859sYjb2uI2yhInYmcmJTv9jgnzo_Sd0B37beZ57usyJb4r_KCDX2cqz8vh_h00HO1boyVICihVkwoIqasVELShojIGqwicJeOLr8ooDTZ4oZ3WDg1acF6y9wcDyDch:1reC6g:K1kMeVWruq_AFRrwvOCkl0-PgIJHUM1x3wzEHlRq_9A",
            "expire_date": "2024-03-10T10:51:42.376Z"
        }
    },
    {
        "model": "sessions.session",
        "pk": "49uyqjzbc5j8hxb768xbfc6z5aabct8w",
        "fields": {
            "session_data": ".eJxVjMsOwiAUBf-FtSFtKVzq0r3fQO4DpGogKe3K-O_apAvdnpk5LxVwW3PYWlzCLOqsQJ1-N0J-xLIDuWO5Vc21rMtMelf0QZu-VonPy-H-HWRs-Vv3PTmyLqGwTGwZOKKbjIwRicCOBhLRkJgcG-pk8NaLZzAeoRMhUu8PIXE5gw:1rHMEv:9tHG-hJlPSA9zsxZtv5X06e1HK3YnTAIoNZQIwF2sj8",
            "expire_date": "2024-01-07T11:01:49.371Z"
        }
    },
    {
        "model": "sessions.session",
        "pk": "5t2i1dsvq14fgpbr39le4ogv3ngn9fqp",
        "fields": {
            "session_data": ".eJxVjDEOwjAMRe-SGUVpUkPMyM4ZIsd2SAG1UtNOiLtDpQ6w_vfef5lE61LT2nROg5iziebwu2Xih44bkDuNt8nyNC7zkO2m2J02e51En5fd_Tuo1Oq37krMnpCh9JwzojgUVkYHfewIvMSTUoBjDMVrYALgggG1Z0IQV8z7AwUkOK4:1rMmfi:FFyDSfwiA_t2GmXYwEZM-rv54jaXonEYLm-817UHUXs",
            "expire_date": "2024-01-22T10:15:54.920Z"
        }
    },
    {
        "model": "sessions.session",
        "pk": "6dghg2sc94vgj9lkgezc46ghme3gxp2k",
        "fields": {
            "session_data": ".eJxVjEEOwiAQRe_C2hDoDKS4dO8ZyAwMUjU0Ke3KeHdt0oVu_3vvv1Skba1x67LEKauzskadfkem9JC2k3yndpt1mtu6TKx3RR-06-uc5Xk53L-DSr1-aw8EGAwkhAGLkHfIFEyAkbEEsNYCjOiQioAzZB0TlqGwx0QQxKn3B93XN2E:1rL0Le:WpnN9OMAwZ_5Ga8bx9sMk5xY69iSm10cFWNkqYJjnt4",
            "expire_date": "2024-01-17T12:27:50.045Z"
        }
    },
    {
        "model": "sessions.session",
        "pk": "6qwqxhmoh6zykcmy8jsejk8u8hye3x3r",
        "fields": {
            "session_data": ".eJxVjMsOwiAQRf-FtSE8B3Dp3m8gAwNSNTQp7cr479qkC93ec859sYjb2uI2yhInYmcmJTv9jgnzo_Sd0B37beZ57usyJb4r_KCDX2cqz8vh_h00HO1boyVICihVkwoIqasVELShojIGqwicJeOLr8ooDTZ4oZ3WDg1acF6y9wcDyDch:1rR8NF:XCl3uxuwZ7BWiwm4mbK7gRT2jcUg3XCpNqc87pTE-Es",
            "expire_date": "2024-02-03T10:14:49.996Z"
        }
    },
    {
        "model": "sessions.session",
        "pk": "70d93nsb99ajlkkuf1n1566ou4k58mef",
        "fields": {
            "session_data": ".eJxVjDsOwjAQBe_iGlnrH2tT0ucM1nrt4ABypDipEHeHSCmgfTPzXiLStta49bLEKYuLUFacfsdE_ChtJ_lO7TZLntu6TEnuijxol8Ocy_N6uH8HlXr91tri6FAxGErsrULUKrCnEdloH5IDZDj7AMzgnA4AgGCNKYgUcjbi_QHblDay:1rbbiF:Jigp9z-qjY5yztz3uSSgXxoX9avW84q-uSqWJRIG7WU",
            "expire_date": "2024-03-03T07:35:47.916Z"
        }
    },
    {
        "model": "sessions.session",
        "pk": "78hev6nnvci3k5h3v62d1f5im5p2vbbz",
        "fields": {
            "session_data": ".eJxVjMsOwiAQRf-FtSE8B3Dp3m8gAwNSNTQp7cr479qkC93ec859sYjb2uI2yhInYmcmJTv9jgnzo_Sd0B37beZ57usyJb4r_KCDX2cqz8vh_h00HO1boyVICihVkwoIqasVELShojIGqwicJeOLr8ooDTZ4oZ3WDg1acF6y9wcDyDch:1rkIMI:OC_KHNZTrU_ChAsKeWmVSlGt9wNcss0T2Wo4zr2-EOI",
            "expire_date": "2024-03-27T06:45:02.834Z"
        }
    },
    {
        "model": "sessions.session",
        "pk": "78mamlm1ep2gyggwh0sddwk9jrjfvsmd",
        "fields": {
            "session_data": ".eJxVjMEOgyAQRP-Fc2NU3Jb11v4IWZYlklJMFHpp-u_VxovHeTPzPoqY55qLfcsSQxRv5UUxqTHXlC7KUi2TrassNno1KqNOzBE_Je8FpbTj5tA1_81Rr819S5JLZCpxzo_jdVJNtE6bpwvG9YQMYWDnEH2LnoWxhcF0BL03NyENV6NDL5oJgANqlIEJwbdBfX-jvUiI:1rKbXU:TzV-kBGOE5rIeVzvx3gAwCc6WrIWAZPXS_-EffwPRhE",
            "expire_date": "2024-01-16T09:58:24.241Z"
        }
    },
    {
        "model": "sessions.session",
        "pk": "7bicft8ormqvd7c7tiu86ia5xa2kpon0",
        "fields": {
            "session_data": ".eJxVjDEOwjAMRe-SGUVpUkPMyM4ZIsd2SAG1UtNOiLtDpQ6w_vfef5lE61LT2nROg5iziebwu2Xih44bkDuNt8nyNC7zkO2m2J02e51En5fd_Tuo1Oq37krMnpCh9JwzojgUVkYHfewIvMSTUoBjDMVrYALgggG1Z0IQV8z7AwUkOK4:1rR1eO:8I52N4YMDcqAC_K1nWe_x6y1P26qUb30MVdunsCy0nY",
            "expire_date": "2024-02-03T03:04:04.387Z"
        }
    },
    {
        "model": "sessions.session",
        "pk": "7nh7w30ywwzh1mp0t32lhcdjz4oqtaga",
        "fields": {
            "session_data": ".eJxVjMsOwiAQRf-FtSE8B3Dp3m8gAwNSNTQp7cr479qkC93ec859sYjb2uI2yhInYmcmJTv9jgnzo_Sd0B37beZ57usyJb4r_KCDX2cqz8vh_h00HO1boyVICihVkwoIqasVELShojIGqwicJeOLr8ooDTZ4oZ3WDg1acF6y9wcDyDch:1rVYzV:rsG_yaai1lxa3reseaLCnjCyDixOar-sN32axQd8K7w",
            "expire_date": "2024-02-15T15:28:37.662Z"
        }
    },
    {
        "model": "sessions.session",
        "pk": "84ki85n4zk0j8jda0gsgfo6uu3r1u4oj",
        "fields": {
            "session_data": ".eJxVjMsOwiAQRf-FtSE8B3Dp3m8gAwNSNTQp7cr479qkC93ec859sYjb2uI2yhInYmcmJTv9jgnzo_Sd0B37beZ57usyJb4r_KCDX2cqz8vh_h00HO1boyVICihVkwoIqasVELShojIGqwicJeOLr8ooDTZ4oZ3WDg1acF6y9wcDyDch:1rgNDu:PbP95Q--r1H3_UFxDNTPizUgZdv8B1lwRQ8YJ3qfNDE",
            "expire_date": "2024-03-16T11:08:10.103Z"
        }
    },
    {
        "model": "sessions.session",
        "pk": "84tk6ovmp21fqfrtwnzi874ruir572e1",
        "fields": {
            "session_data": ".eJxVjMsOwiAQRf-FtSE8B3Dp3m8gAwNSNTQp7cr479qkC93ec859sYjb2uI2yhInYmcmJTv9jgnzo_Sd0B37beZ57usyJb4r_KCDX2cqz8vh_h00HO1boyVICihVkwoIqasVELShojIGqwicJeOLr8ooDTZ4oZ3WDg1acF6y9wcDyDch:1rhCMA:f9Wv60pLocNB1fBSSq2fyZVlgEqA8L43SvO7zMBT3II",
            "expire_date": "2024-03-18T17:44:06.352Z"
        }
    },
    {
        "model": "sessions.session",
        "pk": "87w1oz5atp6vpr17m2bncs3jl441pja7",
        "fields": {
            "session_data": ".eJxVjMsOgjAURP-la9NwS22LS_d-Q3NfFdRAQmFl_HchYaHLmXNm3ibjuvR5rTrnQczFQDCn35KQnzruRB443ifL07jMA9ldsQet9jaJvq6H-3fQY-23NfmoDJQKOwT1jRZwXRI9C3gX0Knj5JvQYiTpIm-5LVwcemASAm8-XySiON0:1rk25r:xawFDWpWe13_a-S4p6ZCdrqjH2O9HW-Ghg0q0IgwVBg",
            "expire_date": "2024-03-26T13:22:59.972Z"
        }
    },
    {
        "model": "sessions.session",
        "pk": "8ayfn9n4eu9a8af4870byseeodl6wbxs",
        "fields": {
            "session_data": ".eJxVjEEOwiAUBe_C2pAW4VNcuvcM5AEfqRqalHZlvLtt0oVu38y8t_BYl-LXxrMfk7gII06_W0B8ct1BeqDeJxmnusxjkLsiD9rkbUr8uh7u30FBK1utskkUzKAQFcfOBksgdLAO0GDis9F9pshZO2bTO4fssmaizXBqEJ8vAnw4gg:1rJ0KV:-UcXGzamGnTxIV7GL0_9Yp3LE2anshBX2rfV8JYDLFk",
            "expire_date": "2024-01-12T00:02:23.943Z"
        }
    },
    {
        "model": "sessions.session",
        "pk": "8i1awxiiyn1k1k20n2dmh0tv9217kdd5",
        "fields": {
            "session_data": ".eJxVjEsOgzAMRO-SdYWwcfl0Vy6CbMcRqChIJVlVvXtDxaJdznsz83IT5zRPebfntHh3c9C6yy8U1ofFw_C6Hrhi1S3HVH07p96re0kW06Kcli2O5-rvauZ9Lj9CnSlIHxQZjGoLgEPv7eqBsGU01J7qtuFO_NBpyU3QgEyg4gXIvT_-qz1R:1rk1yZ:OiYmELoZHaXiTqD45ajOVbqXTjYXAQEUa99UH2TFfJM",
            "expire_date": "2024-03-26T13:15:27.868Z"
        }
    },
    {
        "model": "sessions.session",
        "pk": "8o4t6b9us825hn9g9d75d5rkxiyelynt",
        "fields": {
            "session_data": ".eJxVjMsOwiAQRf-FtSE8B3Dp3m8gAwNSNTQp7cr479qkC93ec859sYjb2uI2yhInYmcmJTv9jgnzo_Sd0B37beZ57usyJb4r_KCDX2cqz8vh_h00HO1boyVICihVkwoIqasVELShojIGqwicJeOLr8ooDTZ4oZ3WDg1acF6y9wcDyDch:1rfBFD:oOLe0G6STOmG21nO0xKjdFFdPmGxt1M_vqkjgtSswac",
            "expire_date": "2024-03-13T04:08:35.254Z"
        }
    },
    {
        "model": "sessions.session",
        "pk": "8py4gih7nn7p345a55g56cwqkygku0v9",
        "fields": {
            "session_data": ".eJxVjMsOwiAQRf-FtSEUGAZcuvcbyPCSqoGktCvjv2uTLnR7zzn3xTxta_XbyIufEzszw06_W6D4yG0H6U7t1nnsbV3mwHeFH3Twa0_5eTncv4NKo37rIoQoQFJhcYgTTcJEDRAjkhYSiFBhVMEFJwxaackaDKA1SAsUMLH3B8OXNuU:1rWjFY:Gxk8o80raXoXHHMNhvuxNXeOxS5tyIxaUeH8jhayPWs",
            "expire_date": "2024-02-18T20:38:00.358Z"
        }
    },
    {
        "model": "sessions.session",
        "pk": "8t4uhlh8r60yqb2wg1xi6bcmko4ajqwq",
        "fields": {
            "session_data": ".eJxVjMsOwiAQRf-FtSHDw4G6dN9vIAwDUjU0Ke3K-O_apAvd3nPOfYkQt7WGreclTCwuQqE4_Y4U0yO3nfA9ttss09zWZSK5K_KgXY4z5-f1cP8Oauz1WyeTuZCPSJoB_BkMDs55W3KxRtFQrAadUQGhjiVpQEjGoS3EwGyUeH8AC2c38w:1riBDk:x5SYr9CX9oud22MgWQicwqVIGaTDNm8xJDLT4XZtfNE",
            "expire_date": "2024-03-21T10:43:28.388Z"
        }
    },
    {
        "model": "sessions.session",
        "pk": "8xgo32yccdf6ixo5lypx5cy7x8ekhj9d",
        "fields": {
            "session_data": ".eJxVjMsOwiAQAP-FsyE8u61H7_2GZlkWqRpISnsy_rsh6UGvM5N5iwWPPS9H421Zo7gK7cXlFwakJ5du4gPLvUqqZd_WIHsiT9vkXCO_bmf7N8jYcv9aFVUwYCKGMYENiZJzAdhMDhid1pqjRSaYBnTJG69h4DSSV8zkjPh8ARjTOI4:1rbqOM:UzLl6XO3Gxs1s0ZJagCpxBJpCjWO3NhCUCayzQLrUZY",
            "expire_date": "2024-03-03T23:16:14.478Z"
        }
    },
    {
        "model": "sessions.session",
        "pk": "8zykn6j3vy7zfcom1kdn3k2gxiyvjyi0",
        "fields": {
            "session_data": ".eJxVjDEOwjAMRe-SGUVpUkPMyM4ZIsd2SAG1UtNOiLtDpQ6w_vfef5lE61LT2nROg5iziebwu2Xih44bkDuNt8nyNC7zkO2m2J02e51En5fd_Tuo1Oq37krMnpCh9JwzojgUVkYHfewIvMSTUoBjDMVrYALgggG1Z0IQV8z7AwUkOK4:1rQbJc:lsVsK_qV6EIEzaze5R9a7lDSjWWMGFcIBS8GaYpTD20",
            "expire_date": "2024-02-01T22:56:52.803Z"
        }
    },
    {
        "model": "sessions.session",
        "pk": "90xo9crpjksq1eb2834i2cx526onr818",
        "fields": {
            "session_data": ".eJxVjMsOwiAQRf-FtSGFoQVcuvcbyDAzSNXQpI-V8d-1SRe6veec-1IJt7WmbZE5jazOCtTpd8tID2k74Du226Rpaus8Zr0r-qCLvk4sz8vh_h1UXOq3NgUiM4WA1JkevAgO3lpyUSz30KNzQlaAcJDCGLoYbM6FHIA14jv1_gD4Mzhb:1rDQN5:h0fcjv2vKt6ftYyj9KHn3cd2w2Nt2TvfyzXE-2iK1Ho",
            "expire_date": "2023-12-27T14:37:59.863Z"
        }
    },
    {
        "model": "sessions.session",
        "pk": "91dk9jlsckzawtcxli6owsgil3vmp8ki",
        "fields": {
            "session_data": ".eJxVjEEOwiAQRe_C2pCB0hFcuu8ZyMCAVA0kpV0Z765NutDtf-_9l_C0rcVvPS1-ZnERWpx-t0DxkeoO-E711mRsdV3mIHdFHrTLqXF6Xg_376BQL9_aGZ0QWYNVZEEhW0OjNjwAwlklQzZGZcABog1jGhjYOpV1Vpk1khHvD6-dNtc:1rZeEH:wt21f-SHE7rtzqELnTiCGHXvurj187w_7_bWcWPU8E0",
            "expire_date": "2024-02-26T21:52:45.316Z"
        }
    },
    {
        "model": "sessions.session",
        "pk": "9jlepjtxhm42pj1rmuozz7kd4m26zvnx",
        "fields": {
            "session_data": ".eJxVjMsOgyAURP-FdWMQlIe79kfI9XKJpBQTgW6a_nu1ceNyzsycDwPEteXq3rTFEMk7ekFMbMotpRtz0OriWqHNRc8mNrALmwGflI8CUjpwd-q6_-asS3ffE-UaEWpc8-N8XVQLlGX3WCkATRik9ziTlIMiy6WyWpKRqHutrbIK-chHrTj3EISBPii0QghjgX1_bitG1Q:1rDQlJ:dn4zp62Wu4TWalI21QRD_idUX-udP9zQ3ByVJaUwcRM",
            "expire_date": "2023-12-27T15:03:01.875Z"
        }
    },
    {
        "model": "sessions.session",
        "pk": "a1wkbpv7duyaber34121brm1qpzeq2nv",
        "fields": {
            "session_data": ".eJxVjEEOwiAQRe_C2pCB0hFcuu8ZyMCAVA0kpV0Z765NutDtf-_9l_C0rcVvPS1-ZnERWpx-t0DxkeoO-E711mRsdV3mIHdFHrTLqXF6Xg_376BQL9_aGZ0QWYNVZEEhW0OjNjwAwlklQzZGZcABog1jGhjYOpV1Vpk1khHvD6-dNtc:1rDYap:VYEmvKbNJZQn7cwVv5GLJ0q-4WnTrspGM9Q9FhCEPFI",
            "expire_date": "2023-12-27T23:24:43.241Z"
        }
    },
    {
        "model": "sessions.session",
        "pk": "a3p4k4dfgv6p61eg4318vaawf3m9k678",
        "fields": {
            "session_data": ".eJxVjMsOwiAQRf-FtSHDgDxcuu83EB6DVA0kpV0Z_12bdKHbe865L-bDtla_DVr8nNmFCclOv2MM6UFtJ_ke2q3z1Nu6zJHvCj_o4FPP9Lwe7t9BDaN-azwDCowFldJCWwDIFqRNJLTElI2JaMERhKKTweISGRlRF9RGOVmIvT_NrzcR:1rTLvk:yCdojMGqi0PFKxH0NtVyt6gSm3JPBxhLNvQ4yZFqA2Q",
            "expire_date": "2024-02-09T13:07:36.217Z"
        }
    },
    {
        "model": "sessions.session",
        "pk": "aik2d75c5hm2aq2ol1f70sygmz3olobd",
        "fields": {
            "session_data": ".eJxVjMEOgyAQRP-Fc2PAXYh4a3-ELLhEUoqJQi9N_73aePE4b2beR1AISyvVvXlNMfHk-EUpi7G0nG_CUauzaxuvLk1iFEqKC_QUnlyOhnI-cHf6uv_mrLfuvicuNQWqaSmP83VRzbTNu8cAAVoJAaHHyGQ0erLSwuAxWlBKAQyokSKDlqS0J4x99AYDgWUtvj-Jf0c7:1rL0LN:r0VZNmzUYMSsgnqo0AGZDI8K3R0yLzgTcR45pHoWYA0",
            "expire_date": "2024-01-17T12:27:33.544Z"
        }
    },
    {
        "model": "sessions.session",
        "pk": "aj84i7ba35i1zwselptuyiorw6qryhl3",
        "fields": {
            "session_data": ".eJxVjMsOwiAQRf-FtSE8B3Dp3m8gAwNSNTQp7cr479qkC93ec859sYjb2uI2yhInYmcmJTv9jgnzo_Sd0B37beZ57usyJb4r_KCDX2cqz8vh_h00HO1boyVICihVkwoIqasVELShojIGqwicJeOLr8ooDTZ4oZ3WDg1acF6y9wcDyDch:1rPPDM:8V6ISTfLK9fUY_hd8W9kjNXxyhqZQbzMLuZn3p7VzXs",
            "expire_date": "2024-01-29T15:49:28.161Z"
        }
    },
    {
        "model": "sessions.session",
        "pk": "aqgk7eesnpcbaxidjjr5cie148i159bx",
        "fields": {
            "session_data": ".eJxVjMsOwiAQRf-FtSE8B3Dp3m8gAwNSNTQp7cr479qkC93ec859sYjb2uI2yhInYmcmJTv9jgnzo_Sd0B37beZ57usyJb4r_KCDX2cqz8vh_h00HO1boyVICihVkwoIqasVELShojIGqwicJeOLr8ooDTZ4oZ3WDg1acF6y9wcDyDch:1rbfzS:O_5KBKMGtxYFFJGzcy34Qcyd0UxtTeROWrYdrZkqQ94",
            "expire_date": "2024-03-03T12:09:50.889Z"
        }
    },
    {
        "model": "sessions.session",
        "pk": "asapcwyh68evrky1lfetlpd4dymcbm1x",
        "fields": {
            "session_data": ".eJxVjMsOwiAQRf-FtSHDw4G6dN9vIAwDUjU0Ke3K-O_apAvd3nPOfYkQt7WGreclTCwuQqE4_Y4U0yO3nfA9ttss09zWZSK5K_KgXY4z5-f1cP8Oauz1WyeTuZCPSJoB_BkMDs55W3KxRtFQrAadUQGhjiVpQEjGoS3EwGyUeH8AC2c38w:1riEpQ:COpcq1ga0uaaAQFc1GVMJQyOahGzi8mgqOZI1qZGJtA",
            "expire_date": "2024-03-21T14:34:36.748Z"
        }
    },
    {
        "model": "sessions.session",
        "pk": "avknph0jb7d9i07yj1ngxefzaz70503n",
        "fields": {
            "session_data": ".eJxVjMsOwiAQAP-FsyE8u61H7_2GZlkWqRpISnsy_rsh6UGvM5N5iwWPPS9H421Zo7gK7cXlFwakJ5du4gPLvUqqZd_WIHsiT9vkXCO_bmf7N8jYcv9aFVUwYCKGMYENiZJzAdhMDhid1pqjRSaYBnTJG69h4DSSV8zkjPh8ARjTOI4:1rZZKD:ewwydyUaXw6oHC1QnxXcKUTfTQu8vFT_1EdpWPIJ4tQ",
            "expire_date": "2024-02-26T16:38:33.225Z"
        }
    },
    {
        "model": "sessions.session",
        "pk": "b9llacnbfa3gne1fpnm3q9ry6qzctgn4",
        "fields": {
            "session_data": ".eJxVjDsOwjAQBe_iGlnrH2tT0ucM1nrt4ABypDipEHeHSCmgfTPzXiLStta49bLEKYuLUFacfsdE_ChtJ_lO7TZLntu6TEnuijxol8Ocy_N6uH8HlXr91tri6FAxGErsrULUKrCnEdloH5IDZDj7AMzgnA4AgGCNKYgUcjbi_QHblDay:1rZ8SY:iGYQJEvpLbOMI8Uw5RCWvTLtprsXUpDkkj6IETQqxJ4",
            "expire_date": "2024-02-25T11:57:22.311Z"
        }
    },
    {
        "model": "sessions.session",
        "pk": "bc7thprb0wd6hliofrdt9w7dt98aipa8",
        "fields": {
            "session_data": ".eJxVjMsOwiAQRf-FtSEUGAZcuvcbyPCSqoGktCvjv2uTLnR7zzn3xTxta_XbyIufEzszw06_W6D4yG0H6U7t1nnsbV3mwHeFH3Twa0_5eTncv4NKo37rIoQoQFJhcYgTTcJEDRAjkhYSiFBhVMEFJwxaackaDKA1SAsUMLH3B8OXNuU:1rOPJ9:P_eCQh5rpGZshtreHTUY0wd0erNajo6WX8tap2Hhxm8",
            "expire_date": "2024-01-26T21:43:19.263Z"
        }
    },
    {
        "model": "sessions.session",
        "pk": "bxqqylfdp47ork3btrlfltwwesy80fmy",
        "fields": {
            "session_data": ".eJxVjMsOwiAQRf-FtSE8B3Dp3m8gAwNSNTQp7cr479qkC93ec859sYjb2uI2yhInYmcmJTv9jgnzo_Sd0B37beZ57usyJb4r_KCDX2cqz8vh_h00HO1boyVICihVkwoIqasVELShojIGqwicJeOLr8ooDTZ4oZ3WDg1acF6y9wcDyDch:1rTLJq:ZBK0pFBrCbzzU9PqJp8_8CPwIBJFpOzdLzA3Z-brGEQ",
            "expire_date": "2024-02-09T12:28:26.055Z"
        }
    },
    {
        "model": "sessions.session",
        "pk": "c4w910lfm4u5weiuitrdqffjq4ogg7ya",
        "fields": {
            "session_data": ".eJxVjEEOwiAQRe_C2pCB0hFcuu8ZyMCAVA0kpV0Z765NutDtf-_9l_C0rcVvPS1-ZnERWpx-t0DxkeoO-E711mRsdV3mIHdFHrTLqXF6Xg_376BQL9_aGZ0QWYNVZEEhW0OjNjwAwlklQzZGZcABog1jGhjYOpV1Vpk1khHvD6-dNtc:1rDQJS:n1pUF1P9LofLxt7vqYf2lG8lXwEbc5w939hsGR2DUO4",
            "expire_date": "2023-12-27T14:34:14.862Z"
        }
    },
    {
        "model": "sessions.session",
        "pk": "cecv0ema8wiv8vk0agq9mzw1fg1ysm8l",
        "fields": {
            "session_data": ".eJxVjMEOgyAQRP-Fc2NAqbDe6o-QdVkiKcVEoZem_15tvHicmTfvI5Boqbm4N68xRPaOXxiTGHJN6SYc1jK7uvHqoheDUEZcygnpyflYMKWjbk5f82fOeWsee-JcImGJSx7P10U14zbvHrCssW_JA8m7ngC1MhObjoNkJtsr2VtLO9NCkB2h1IBGh-AVArBC8f0BxA1IfA:1riLLp:3zNJctH_sUO2tknRxRlAK-6L8VCopxHeCs3P9E4epDg",
            "expire_date": "2024-03-21T21:32:29.697Z"
        }
    },
    {
        "model": "sessions.session",
        "pk": "cgjsiojfv9aq7otvsrptamt9s8418uqk",
        "fields": {
            "session_data": ".eJxVjMsOwiAQRf-FtSE8B3Dp3m8gAwNSNTQp7cr479qkC93ec859sYjb2uI2yhInYmcmJTv9jgnzo_Sd0B37beZ57usyJb4r_KCDX2cqz8vh_h00HO1boyVICihVkwoIqasVELShojIGqwicJeOLr8ooDTZ4oZ3WDg1acF6y9wcDyDch:1rW8X3:It4lnNIhPL4kBn3l0f1c8qhZcl4E-mgiKFhCXEgZyvU",
            "expire_date": "2024-02-17T05:25:37.804Z"
        }
    },
    {
        "model": "sessions.session",
        "pk": "cjomjqr5qglr8v9cqci42of6wqa2jw8l",
        "fields": {
            "session_data": ".eJxVjEEOwiAQRe_C2pCB0hFcuu8ZyMCAVA0kpV0Z765NutDtf-_9l_C0rcVvPS1-ZnERWpx-t0DxkeoO-E711mRsdV3mIHdFHrTLqXF6Xg_376BQL9_aGZ0QWYNVZEEhW0OjNjwAwlklQzZGZcABog1jGhjYOpV1Vpk1khHvD6-dNtc:1rhu96:63klJWc3doJ4nuOjS7xunr5ICTgyK7M30WzY7MRihcA",
            "expire_date": "2024-03-20T16:29:32.048Z"
        }
    },
    {
        "model": "sessions.session",
        "pk": "dtnxsc1z6ippd9plt7kvo9pxdfxajpgc",
        "fields": {
            "session_data": ".eJxVjMsOwiAQAP-FsyE8u61H7_2GZlkWqRpISnsy_rsh6UGvM5N5iwWPPS9H421Zo7gK7cXlFwakJ5du4gPLvUqqZd_WIHsiT9vkXCO_bmf7N8jYcv9aFVUwYCKGMYENiZJzAdhMDhid1pqjRSaYBnTJG69h4DSSV8zkjPh8ARjTOI4:1rZZfi:9iY1AGqTUczBm5U76BUrM_ty9I8c-7jQ_7qg4qgrLAE",
            "expire_date": "2024-02-26T17:00:46.439Z"
        }
    },
    {
        "model": "sessions.session",
        "pk": "e43po59dbjfjh16qtze9jvew3riw1f5s",
        "fields": {
            "session_data": ".eJxVjMsOwiAQAP-FsyE8u61H7_2GZlkWqRpISnsy_rsh6UGvM5N5iwWPPS9H421Zo7gK7cXlFwakJ5du4gPLvUqqZd_WIHsiT9vkXCO_bmf7N8jYcv9aFVUwYCKGMYENiZJzAdhMDhid1pqjRSaYBnTJG69h4DSSV8zkjPh8ARjTOI4:1rZaij:9y571sEgBvmPU3k6Tm7U6kuy7VBTjpIzFjPpFzDC1Rw",
            "expire_date": "2024-02-26T18:07:57.546Z"
        }
    },
    {
        "model": "sessions.session",
        "pk": "eagr9bd8ew7cr8df8ai2cy7t9i4bgjw7",
        "fields": {
            "session_data": ".eJxVjMsOwiAQRf-FtSHDw4G6dN9vIAwDUjU0Ke3K-O_apAvd3nPOfYkQt7WGreclTCwuQqE4_Y4U0yO3nfA9ttss09zWZSK5K_KgXY4z5-f1cP8Oauz1WyeTuZCPSJoB_BkMDs55W3KxRtFQrAadUQGhjiVpQEjGoS3EwGyUeH8AC2c38w:1rii1U:Ls3uxbXH9idriLiHoG9TP1BVc6bwGZiSlSCC6tkcnSU",
            "expire_date": "2024-03-22T21:45:00.185Z"
        }
    },
    {
        "model": "sessions.session",
        "pk": "ejen2censl2yh7gafnuatn104weid5n7",
        "fields": {
            "session_data": ".eJxVjM0OgjAQhN-lZ0O2P27Bm7wI2d22KZGURNqT8d0Fw0GP883M91ITtZqntsXnNAd1UxrV5RcyySOWo6FlOXBHImsrtftuznrr7nuKpc5CdV7LeL7-VJm2vHvExpC4J2QTAPorWBy8712KyVnNQ3IGTEQNjIaSGEAQ69ElDhCC1er9AeVwPGc:1rhuWz:hFiDg8vMNrYUtZOd8A9nshnZXlsPOR1kdsq5yFEWdyg",
            "expire_date": "2024-03-20T16:54:13.480Z"
        }
    },
    {
        "model": "sessions.session",
        "pk": "ew9waxchkhpxuvfz7fw5g2vc6juedqke",
        "fields": {
            "session_data": ".eJxVjEEOwiAQRe_C2pCB0hFcuu8ZyMCAVA0kpV0Z765NutDtf-_9l_C0rcVvPS1-ZnERWpx-t0DxkeoO-E711mRsdV3mIHdFHrTLqXF6Xg_376BQL9_aGZ0QWYNVZEEhW0OjNjwAwlklQzZGZcABog1jGhjYOpV1Vpk1khHvD6-dNtc:1rNy7T:RfOD_pkZEgI8_vKzsLKGJlquMmVNDMFvIeyvs6OouXo",
            "expire_date": "2024-01-25T16:41:27.311Z"
        }
    },
    {
        "model": "sessions.session",
        "pk": "ezga225ag2non9m0yy4xrv0hwb1z49l9",
        "fields": {
            "session_data": ".eJxVjEEOwiAQRe_C2pCB0hFcuu8ZyMCAVA0kpV0Z765NutDtf-_9l_C0rcVvPS1-ZnERWpx-t0DxkeoO-E711mRsdV3mIHdFHrTLqXF6Xg_376BQL9_aGZ0QWYNVZEEhW0OjNjwAwlklQzZGZcABog1jGhjYOpV1Vpk1khHvD6-dNtc:1rMobX:ziHqeWvSCrR6n5ITBVxsN8K33Db3AxN58cKeQNbnwyc",
            "expire_date": "2024-01-22T12:19:43.951Z"
        }
    },
    {
        "model": "sessions.session",
        "pk": "f2p7t02zdi1pywuf32s4quc5zln3x9e9",
        "fields": {
            "session_data": ".eJxVjMEOgyAQRP-Fc2OQrVC9tT9Clt01klJMFHpp-u_VxovHeTPzPgqJ5pqLf8sSxyjs5YUxqSHXlC7KYy2Tr6ssPrIaVK9OLCA9Je8FprTj5tA1_81Rr819S5JLJCxxzo_jdVJNuE6bJ2BLNIIYtkZajQFuAfTVOGo1946DmF5LsDCiDR0EYUYgcNZpNhY69f0Bp79IUQ:1rKbht:lAwk0Ae9SJvN4b25_6ykHSSY1nbaL9o4hnve3IZ_lRk",
            "expire_date": "2024-01-16T10:09:09.262Z"
        }
    },
    {
        "model": "sessions.session",
        "pk": "f5l83le35uk0zbrbo0spljs7v6282nyi",
        "fields": {
            "session_data": ".eJxVjEEOwiAUBe_C2pAW4VNcuvcM5AEfqRqalHZlvLtt0oVu38y8t_BYl-LXxrMfk7gII06_W0B8ct1BeqDeJxmnusxjkLsiD9rkbUr8uh7u30FBK1utskkUzKAQFcfOBksgdLAO0GDis9F9pshZO2bTO4fssmaizXBqEJ8vAnw4gg:1rNsTM:SY_Enljik88c3c89c7WzxIPzBznGL6EDfhLJ2gcjR5c",
            "expire_date": "2024-01-25T10:39:40.343Z"
        }
    },
    {
        "model": "sessions.session",
        "pk": "f7i2qgk1cs0bk8tbs1iei6lxvlgesyhp",
        "fields": {
            "session_data": ".eJxVjM0OgyAQhN-Fc2NWfrrgrX0Rsi4YSSkmFXpp-u7VxovH-Wbm-whiXlqp_h1faUox-PiklMVQWs4X4anV2bc1vnwKYhC9Fic4Ej9i2RvKecfd4ev-m6Neu9uWYqmJqaal3I_XSTXTOm8eqXEy2DMoGtnqHlH2ji1NyEpaNxpAhqt1wAzGSAcACFqpiEguBCW-P4dkRow:1rZ8SI:oMYhcvdXMCF4Fsy06IDu-wBCXV3ETu2rAhclfw8Gu6Y",
            "expire_date": "2024-02-25T11:57:06.903Z"
        }
    },
    {
        "model": "sessions.session",
        "pk": "fc9ip434wtixzq71mm2j1hl8msnicnim",
        "fields": {
            "session_data": ".eJxVjDEOwjAMRe-SGUVpUkPMyM4ZIsd2SAG1UtNOiLtDpQ6w_vfef5lE61LT2nROg5iziebwu2Xih44bkDuNt8nyNC7zkO2m2J02e51En5fd_Tuo1Oq37krMnpCh9JwzojgUVkYHfewIvMSTUoBjDMVrYALgggG1Z0IQV8z7AwUkOK4:1rUZzY:F7-MBvSbInsASysghBttikU2KC6PgfLSRDJeFo9nt6Y",
            "expire_date": "2024-02-12T22:20:36.139Z"
        }
    },
    {
        "model": "sessions.session",
        "pk": "fd8j4b968clgbix6scwg6eh9bkqznzgd",
        "fields": {
            "session_data": ".eJxVjMsOwiAQRf-FtSEUGAZcuvcbyPCSqoGktCvjv2uTLnR7zzn3xTxta_XbyIufEzszw06_W6D4yG0H6U7t1nnsbV3mwHeFH3Twa0_5eTncv4NKo37rIoQoQFJhcYgTTcJEDRAjkhYSiFBhVMEFJwxaackaDKA1SAsUMLH3B8OXNuU:1rHrbK:jB-go8PGfk8fvoEcpUQEHx_KxddXNG2jkE6LXyNhRe4",
            "expire_date": "2024-01-08T20:31:02.515Z"
        }
    },
    {
        "model": "sessions.session",
        "pk": "fm0b13r7e2jz0h5pr0zxuxksvyox8oed",
        "fields": {
            "session_data": ".eJxVjMsOwiAQRf-FtSEUGAZcuvcbyPCSqoGktCvjv2uTLnR7zzn3xTxta_XbyIufEzszw06_W6D4yG0H6U7t1nnsbV3mwHeFH3Twa0_5eTncv4NKo37rIoQoQFJhcYgTTcJEDRAjkhYSiFBhVMEFJwxaackaDKA1SAsUMLH3B8OXNuU:1rHLwn:Qd6hd7_mzyGuj9yJOpI9q-G1sPOTLahpB2NX0Pmoeyo",
            "expire_date": "2024-01-07T10:43:05.575Z"
        }
    },
    {
        "model": "sessions.session",
        "pk": "frn01hhsun2j2r9sce2vvmg263esp0y0",
        "fields": {
            "session_data": ".eJxVjDsOwjAQBe_iGlnrH2tT0ucM1nrt4ABypDipEHeHSCmgfTPzXiLStta49bLEKYuLUFacfsdE_ChtJ_lO7TZLntu6TEnuijxol8Ocy_N6uH8HlXr91tri6FAxGErsrULUKrCnEdloH5IDZDj7AMzgnA4AgGCNKYgUcjbi_QHblDay:1raEM9:fKcnDQSndh1-4TBYMR0Rfttaccr5JDy0b7WJ18YAFcc",
            "expire_date": "2024-02-28T12:27:17.988Z"
        }
    },
    {
        "model": "sessions.session",
        "pk": "ftrorexj6000xrh6xhyvt4in5nnm0tvm",
        "fields": {
            "session_data": ".eJxVjDsOwjAQBe_iGlnrH2tT0ucM1nrt4ABypDipEHeHSCmgfTPzXiLStta49bLEKYuLUFacfsdE_ChtJ_lO7TZLntu6TEnuijxol8Ocy_N6uH8HlXr91tri6FAxGErsrULUKrCnEdloH5IDZDj7AMzgnA4AgGCNKYgUcjbi_QHblDay:1rb2MP:D0JvfC-L2P21T3ulmPASmz1FZDlB7snESZKCL3wsVfc",
            "expire_date": "2024-03-01T17:50:53.265Z"
        }
    },
    {
        "model": "sessions.session",
        "pk": "fwmuaylh9vjdzgjn4wbcgc6mdc1a8c10",
        "fields": {
            "session_data": ".eJxVjMsOwiAQRf-FtSE8B3Dp3m8gAwNSNTQp7cr479qkC93ec859sYjb2uI2yhInYmcmJTv9jgnzo_Sd0B37beZ57usyJb4r_KCDX2cqz8vh_h00HO1boyVICihVkwoIqasVELShojIGqwicJeOLr8ooDTZ4oZ3WDg1acF6y9wcDyDch:1rOzrc:Cu7OwDwy5TOChVjFpNJqTZe9DEJEdqPZpVqPgAcHgZU",
            "expire_date": "2024-01-28T12:45:20.893Z"
        }
    },
    {
        "model": "sessions.session",
        "pk": "g0o6n1qfixqmzqzknlk5o7jqyadawmf1",
        "fields": {
            "session_data": ".eJxVjMsOwiAQRf-FtSE8B3Dp3m8gAwNSNTQp7cr479qkC93ec859sYjb2uI2yhInYmcmJTv9jgnzo_Sd0B37beZ57usyJb4r_KCDX2cqz8vh_h00HO1boyVICihVkwoIqasVELShojIGqwicJeOLr8ooDTZ4oZ3WDg1acF6y9wcDyDch:1rQ40g:SXLg6ZVFNv4nROlAuJG5GImC8FSzBiAyP6tlmlunJuc",
            "expire_date": "2024-01-31T11:23:06.946Z"
        }
    },
    {
        "model": "sessions.session",
        "pk": "g5gkxmi8zvjfj8jgrrulx4xzlo1hl95r",
        "fields": {
            "session_data": ".eJxVjMsOwiAQRf-FtSHDw4G6dN9vIAwDUjU0Ke3K-O_apAvd3nPOfYkQt7WGreclTCwuQqE4_Y4U0yO3nfA9ttss09zWZSK5K_KgXY4z5-f1cP8Oauz1WyeTuZCPSJoB_BkMDs55W3KxRtFQrAadUQGhjiVpQEjGoS3EwGyUeH8AC2c38w:1rhtV7:7QgTskdWe4R-bgaYOKqQpIX7d3wX6-GHOBdlHEPkkCg",
            "expire_date": "2024-03-20T15:48:13.405Z"
        }
    },
    {
        "model": "sessions.session",
        "pk": "g8i7j9pj352s94e94jhmw71ng1amcjkc",
        "fields": {
            "session_data": ".eJxVjEEOgyAURO_y141RCiju6kXIiJ9ISjFR6Kbp3auNG5cz8-Z9CM4tJWX75jX4wJPlF0KkPpUYb2RR8mzLxqsNE_Wk6NKNcE9Ox4AYj7o6ddWfOeeteuyJUw4OOSxpOF8X1Yxt3j3Cq0mPqhNwgl3djq2GRo3WABKs-a5k47VjLw2zaoyBN16y1jthREffH6D3SFw:1rFXOI:hLglHzAjZPv9HnHJYKzuEvqKLwma-0KeOV0c_zA7C1A",
            "expire_date": "2024-01-02T10:31:58.565Z"
        }
    },
    {
        "model": "sessions.session",
        "pk": "geh2k9zuom51p36584cpid8qj29rvh53",
        "fields": {
            "session_data": ".eJxVjDsOwjAQBe_iGlnrH2tT0ucM1nrt4ABypDipEHeHSCmgfTPzXiLStta49bLEKYuLUFacfsdE_ChtJ_lO7TZLntu6TEnuijxol8Ocy_N6uH8HlXr91tri6FAxGErsrULUKrCnEdloH5IDZDj7AMzgnA4AgGCNKYgUcjbi_QHblDay:1rZqhM:nFdARfm5aBIeVxa5UdNFb1sRDDknYmh_pmjTwlC40Ik",
            "expire_date": "2024-02-27T11:11:36.667Z"
        }
    },
    {
        "model": "sessions.session",
        "pk": "gf6mp8339uueri7a8743opxrj4qybe9m",
        "fields": {
            "session_data": ".eJxVjMsOwiAQRf-FtSE8B3Dp3m8gAwNSNTQp7cr479qkC93ec859sYjb2uI2yhInYmcmJTv9jgnzo_Sd0B37beZ57usyJb4r_KCDX2cqz8vh_h00HO1boyVICihVkwoIqasVELShojIGqwicJeOLr8ooDTZ4oZ3WDg1acF6y9wcDyDch:1rYQoc:uHAN7OSM5_PRjCjhMGDyfc9UM5sukrGZv86Fl0sZ8IY",
            "expire_date": "2024-02-23T13:21:14.720Z"
        }
    },
    {
        "model": "sessions.session",
        "pk": "gmk4hepqrjr7mlzoxiwpi07e2z01outx",
        "fields": {
            "session_data": ".eJxVjDsOwjAQBe_iGlnrH2tT0ucM1nrt4ABypDipEHeHSCmgfTPzXiLStta49bLEKYuLUFacfsdE_ChtJ_lO7TZLntu6TEnuijxol8Ocy_N6uH8HlXr91tri6FAxGErsrULUKrCnEdloH5IDZDj7AMzgnA4AgGCNKYgUcjbi_QHblDay:1rabdi:nlMGBn9jm_wjFG4zGJHYFatx_QHsFQw18wuo03DDsT8",
            "expire_date": "2024-02-29T13:18:58.337Z"
        }
    },
    {
        "model": "sessions.session",
        "pk": "gqmkurrv4844hyjcx22zpwn75m7uf1do",
        "fields": {
            "session_data": ".eJxVjMsOwiAQRf-FtSEUGAZcuvcbyPCSqoGktCvjv2uTLnR7zzn3xTxta_XbyIufEzszw06_W6D4yG0H6U7t1nnsbV3mwHeFH3Twa0_5eTncv4NKo37rIoQoQFJhcYgTTcJEDRAjkhYSiFBhVMEFJwxaackaDKA1SAsUMLH3B8OXNuU:1rMwQa:xa4kob8cGaPf1z-6HyxhdDZq22eL60kLcAadqg5FaVk",
            "expire_date": "2024-01-22T20:40:56.103Z"
        }
    },
    {
        "model": "sessions.session",
        "pk": "han2srl30nc7ntftm5v4sedcmwnvwr2g",
        "fields": {
            "session_data": ".eJxVjMsOwiAQRf-FtSEUGAZcuvcbyPCSqoGktCvjv2uTLnR7zzn3xTxta_XbyIufEzszw06_W6D4yG0H6U7t1nnsbV3mwHeFH3Twa0_5eTncv4NKo37rIoQoQFJhcYgTTcJEDRAjkhYSiFBhVMEFJwxaackaDKA1SAsUMLH3B8OXNuU:1rPpbV:LJe2_L1MnPMrsddcXxaXBvXESjxwbFU9T7QkxzvSsqw",
            "expire_date": "2024-01-30T20:00:09.865Z"
        }
    },
    {
        "model": "sessions.session",
        "pk": "hmtyub6fy6d3wvwx7dcb2o9sb32higav",
        "fields": {
            "session_data": ".eJxVjMsOwiAQAP-FsyE8u61H7_2GZlkWqRpISnsy_rsh6UGvM5N5iwWPPS9H421Zo7gK7cXlFwakJ5du4gPLvUqqZd_WIHsiT9vkXCO_bmf7N8jYcv9aFVUwYCKGMYENiZJzAdhMDhid1pqjRSaYBnTJG69h4DSSV8zkjPh8ARjTOI4:1rZbVo:EfVg50fX6s3fsbb0DUN6jTVKgfIgwBX_xnXimHwpsfs",
            "expire_date": "2024-02-26T18:58:40.245Z"
        }
    },
    {
        "model": "sessions.session",
        "pk": "hoekwd7qvmfl1jsciagov5pk25no8qle",
        "fields": {
            "session_data": ".eJxVjEEOwiAUBe_C2pAW4VNcuvcM5AEfqRqalHZlvLtt0oVu38y8t_BYl-LXxrMfk7gII06_W0B8ct1BeqDeJxmnusxjkLsiD9rkbUr8uh7u30FBK1utskkUzKAQFcfOBksgdLAO0GDis9F9pshZO2bTO4fssmaizXBqEJ8vAnw4gg:1rjViT:FbUPsfgg6wDiLAfap2Oz-fbaoB-g2kvsaRwGA--SSFg",
            "expire_date": "2024-03-25T02:48:41.716Z"
        }
    },
    {
        "model": "sessions.session",
        "pk": "hviuri9na9fhw3s8a7r8uuo7vy8tkw1g",
        "fields": {
            "session_data": ".eJxVjMEOwiAQRP-Fs2mgRWC92R8hy3YJxIYmFk7Gf5eaHvQ4783MS3hsNfm289PnRdyEsuLyCwPSg8thcF0PPCDR1kodvp1T78O9Jy41E9a8lflc_V0l3FP_AccazUgLkLzqAKiVDWwnjpKZnFHSOEe9M0KUE6HUgFbHuCgEYIXi_QHyQT0W:1rjiS2:70RdBwcBT-pl-H2wTTGyLH9IhxW24PZfwt-VG-HEWLM",
            "expire_date": "2024-03-25T16:24:34.688Z"
        }
    },
    {
        "model": "sessions.session",
        "pk": "i7ou9z2twkxeuuo1znfzr1nveh9rzqka",
        "fields": {
            "session_data": ".eJxVjMsOwiAQAP-FsyE8u61H7_2GZlkWqRpISnsy_rsh6UGvM5N5iwWPPS9H421Zo7gK7cXlFwakJ5du4gPLvUqqZd_WIHsiT9vkXCO_bmf7N8jYcv9aFVUwYCKGMYENiZJzAdhMDhid1pqjRSaYBnTJG69h4DSSV8zkjPh8ARjTOI4:1rZaXX:WFMxX-El4QiTvqJt9XL92FBtlx7u0eYsexQ-t9mqHuM",
            "expire_date": "2024-02-26T17:56:23.432Z"
        }
    },
    {
        "model": "sessions.session",
        "pk": "ii0ymhqrg727tyl2msv3lu27knhrk5x8",
        "fields": {
            "session_data": ".eJxVjMsOwiAQRf-FtSE8Bigu3fsNZGBAqgaS0q6M_65NutDtPefcFwu4rTVsIy9hJnZmwE6_W8T0yG0HdMd26zz1ti5z5LvCDzr4tVN-Xg7376DiqN_akiYrjLGT1RalLZC0Qh9RuSijRq-LzE54SaikAyBfjJ8MghHZgcrs_QHIHDcW:1rDYbL:ALevzHw2leD7lrNZpUTf5zHk5A2Qxm9j6TO_v01lNNI",
            "expire_date": "2023-12-27T23:25:15.893Z"
        }
    },
    {
        "model": "sessions.session",
        "pk": "ikejnpsv9uth6in46pelr2m1gyee45s6",
        "fields": {
            "session_data": ".eJxVjMsOwiAQRf-FtSE8B3Dp3m8gAwNSNTQp7cr479qkC93ec859sYjb2uI2yhInYmcmJTv9jgnzo_Sd0B37beZ57usyJb4r_KCDX2cqz8vh_h00HO1boyVICihVkwoIqasVELShojIGqwicJeOLr8ooDTZ4oZ3WDg1acF6y9wcDyDch:1rZvKu:5djx1CFmmcWT6QoUBc2hx3nAL0_K6Ci8v5HKWIbzpVg",
            "expire_date": "2024-02-27T16:08:44.782Z"
        }
    },
    {
        "model": "sessions.session",
        "pk": "j7lbgnpjktwz8vs4vri8u29lomostle3",
        "fields": {
            "session_data": ".eJxVjMsOwiAQAP-FsyE8u61H7_2GZlkWqRpISnsy_rsh6UGvM5N5iwWPPS9H421Zo7gK7cXlFwakJ5du4gPLvUqqZd_WIHsiT9vkXCO_bmf7N8jYcv9aFVUwYCKGMYENiZJzAdhMDhid1pqjRSaYBnTJG69h4DSSV8zkjPh8ARjTOI4:1rZVC6:GKKuFa_9lzWH3K87YnMplbmBKqlIT3T8wX_Z5uWjQPE",
            "expire_date": "2024-02-26T12:13:54.538Z"
        }
    },
    {
        "model": "sessions.session",
        "pk": "jh0rp6jsq4pol1wxhl3jlkjmgy73qp84",
        "fields": {
            "session_data": ".eJxVjEEOwiAQRe_C2pCB0hFcuu8ZyMCAVA0kpV0Z765NutDtf-_9l_C0rcVvPS1-ZnERWpx-t0DxkeoO-E711mRsdV3mIHdFHrTLqXF6Xg_376BQL9_aGZ0QWYNVZEEhW0OjNjwAwlklQzZGZcABog1jGhjYOpV1Vpk1khHvD6-dNtc:1rkMSA:Q5BN_9G5S0IWqMSbXbebgCkkHkRA4u0oGvwtkb5gJn0",
            "expire_date": "2024-03-27T11:07:22.413Z"
        }
    },
    {
        "model": "sessions.session",
        "pk": "jj11voj56l8ixz1slnhpj4vc11churdi",
        "fields": {
            "session_data": ".eJxVjDEOwjAMRe-SGUVpUkPMyM4ZIsd2SAG1UtNOiLtDpQ6w_vfef5lE61LT2nROg5iziebwu2Xih44bkDuNt8nyNC7zkO2m2J02e51En5fd_Tuo1Oq37krMnpCh9JwzojgUVkYHfewIvMSTUoBjDMVrYALgggG1Z0IQV8z7AwUkOK4:1rTKSw:_mOkjIV8OUTu47outUcawQdJQ7dJasA4DDdqdHSdiRo",
            "expire_date": "2024-02-09T11:33:46.725Z"
        }
    },
    {
        "model": "sessions.session",
        "pk": "jlcbijmk8c1bgsasfemz9pj8bg47tcio",
        "fields": {
            "session_data": ".eJxVjMsOwiAQRf-FtSHDw4G6dN9vIAwDUjU0Ke3K-O_apAvd3nPOfYkQt7WGreclTCwuQqE4_Y4U0yO3nfA9ttss09zWZSK5K_KgXY4z5-f1cP8Oauz1WyeTuZCPSJoB_BkMDs55W3KxRtFQrAadUQGhjiVpQEjGoS3EwGyUeH8AC2c38w:1rieXq:10jbPwkDaDr5EtbeHKsw5rSIWCjpoxEB518iWG_m_7o",
            "expire_date": "2024-03-22T18:02:10.911Z"
        }
    },
    {
        "model": "sessions.session",
        "pk": "jy45j35zx3qa23upwhfblijhbo7c1h6a",
        "fields": {
            "session_data": ".eJxVjU0OgyAQhe8y68YAShF37UXIMIyRlGIi0E3Tu7c2bly-v--9AYnWlqt78RbnyMHxE2OCKbeULuCw1cW1wpuLASaQI5xMj_TgvCeY0m53B6_7d464dLef4lwjYY1rvh-rE2rBsuwPrHTQUlipCdFLi9qEQarRkMc-CGavafZ26NUgrJivOHJQkrU1bMkb-HwBuKdIOg:1rjg9u:6YDueG4qMbH8Ci_QbKVAueoJdui2cF2IRoRM9vU5GOM",
            "expire_date": "2024-03-25T13:57:42.323Z"
        }
    },
    {
        "model": "sessions.session",
        "pk": "k4dnid1jx4anvleejgp65cldrr0trgja",
        "fields": {
            "session_data": ".eJxVjMsOwiAQRf-FtSE8B3Dp3m8gAwNSNTQp7cr479qkC93ec859sYjb2uI2yhInYmcmJTv9jgnzo_Sd0B37beZ57usyJb4r_KCDX2cqz8vh_h00HO1boyVICihVkwoIqasVELShojIGqwicJeOLr8ooDTZ4oZ3WDg1acF6y9wcDyDch:1rTmW2:X4ADZYUW_A1p2o9dYav9Ao6gkxZLjYdmBlZVkMKlC5U",
            "expire_date": "2024-02-10T17:30:50.661Z"
        }
    },
    {
        "model": "sessions.session",
        "pk": "kh9ol8f03ztqge64jb2cshxzw7o2jyz5",
        "fields": {
            "session_data": ".eJxVjEEOwiAQRe_C2hBoERiX7j0DGYZBqgaS0q6Md7dNutDtf-_9twi4LiWsnecwJXER2onT7xiRnlx3kh5Y701Sq8s8Rbkr8qBd3lri1_Vw_w4K9rLV4NmgHSgBqbOJgEa7yG7krJjJW62s97Q5A2Q1EioD6EzOSSMAaxSfLxguOKI:1riLMM:Ox90GZdxnTSyXWJ7Sb4SE46Mo76LaUL9fxoBMD6GtW4",
            "expire_date": "2024-03-21T21:33:02.300Z"
        }
    },
    {
        "model": "sessions.session",
        "pk": "kocgqypn6qdlyztz70f7anwez7c5j5zv",
        "fields": {
            "session_data": ".eJxVjDEOwjAMRe-SGUVpUkPMyM4ZIsd2SAG1UtNOiLtDpQ6w_vfef5lE61LT2nROg5iziebwu2Xih44bkDuNt8nyNC7zkO2m2J02e51En5fd_Tuo1Oq37krMnpCh9JwzojgUVkYHfewIvMSTUoBjDMVrYALgggG1Z0IQV8z7AwUkOK4:1rPrGN:L9FSvK87qZGLGg-bFI-NhSJH1tlv7Eo-K0nm5_6QXic",
            "expire_date": "2024-01-30T21:46:27.788Z"
        }
    },
    {
        "model": "sessions.session",
        "pk": "kti9sp0vehh1s5846pz9puecij16zylx",
        "fields": {
            "session_data": ".eJxVjMsOwiAQRf-FtSHDw4G6dN9vIAwDUjU0Ke3K-O_apAvd3nPOfYkQt7WGreclTCwuQqE4_Y4U0yO3nfA9ttss09zWZSK5K_KgXY4z5-f1cP8Oauz1WyeTuZCPSJoB_BkMDs55W3KxRtFQrAadUQGhjiVpQEjGoS3EwGyUeH8AC2c38w:1rhuFy:J4Wo7HyqvR7sod8mueIVG7qxuppHB1YvI3qTFGsogbk",
            "expire_date": "2024-03-20T16:36:38.660Z"
        }
    },
    {
        "model": "sessions.session",
        "pk": "kw90s3ie4hg1ll5pcagi1w55f5lkckey",
        "fields": {
            "session_data": ".eJxVjMsOwiAQAP-FsyE8u61H7_2GZlkWqRpISnsy_rsh6UGvM5N5iwWPPS9H421Zo7gK7cXlFwakJ5du4gPLvUqqZd_WIHsiT9vkXCO_bmf7N8jYcv9aFVUwYCKGMYENiZJzAdhMDhid1pqjRSaYBnTJG69h4DSSV8zkjPh8ARjTOI4:1rZVH8:S_PWslVdZgzUcxZ3B67rFLltyaTqwPmwDn5RxfV_P5U",
            "expire_date": "2024-02-26T12:19:06.650Z"
        }
    },
    {
        "model": "sessions.session",
        "pk": "kzlmebjq8r3i7s0ff2zk961d03o28kr5",
        "fields": {
            "session_data": ".eJxVjMsOwiAQRf-FtSE8B3Dp3m8gAwNSNTQp7cr479qkC93ec859sYjb2uI2yhInYmcmJTv9jgnzo_Sd0B37beZ57usyJb4r_KCDX2cqz8vh_h00HO1boyVICihVkwoIqasVELShojIGqwicJeOLr8ooDTZ4oZ3WDg1acF6y9wcDyDch:1rTkKv:4xtQIgIO7nR_rsd2zCaSiDsQnQCh912osnXsfPyB_5c",
            "expire_date": "2024-02-10T15:11:13.193Z"
        }
    },
    {
        "model": "sessions.session",
        "pk": "l34j0mgx7l0z67he850czvuhwwg7dxil",
        "fields": {
            "session_data": ".eJxVjEEOgjAURO_StSGl9PcXd3oRMv3QlEhKIu3KeHfBsNDlvJl5LzWgljTUbXoO86iuyqnLLwuQx5SPAsty4AYia82l-W7Oemtue5pymQVlXvP9fP2pEra0e6LWOhJMx7FnbtFqJ5ZIhGG1IYA7li70odeOvfHwjgNZS8YTAo_q_QGbxTtZ:1rHha6:xxNSDfbv02ViJsrgJuESj99MD5hDaAou3CQZMVDvkgY",
            "expire_date": "2024-01-08T09:49:06.736Z"
        }
    },
    {
        "model": "sessions.session",
        "pk": "l9wl0inmu49dfhhswelq2f455ko3gvf2",
        "fields": {
            "session_data": ".eJxVjEEOwiAQAP_C2RCgIODRu28gu-xWqgaS0p6MfzckPeh1ZjJvkWDfSto7r2khcRE6iNMvRMhPrsPQA-q9ydzqti4oRyIP2-WtEb-uR_s3KNDL-LJx5LSK2mUA1BGcJ6tN8BlhIsWMLs8Y7WSsimo-Q2Ayml30HDN68fkCDL44YA:1rjgA5:uTbnUxTm8YWAk7ujpzqioK99jKoQGhSWFaMItVQtgIg",
            "expire_date": "2024-03-25T13:57:53.733Z"
        }
    },
    {
        "model": "sessions.session",
        "pk": "lhhurhidozosa50en09wyqhw6qor2p5t",
        "fields": {
            "session_data": ".eJxVjMsOwiAQRf-FtSEUGAZcuvcbyPCSqoGktCvjv2uTLnR7zzn3xTxta_XbyIufEzszw06_W6D4yG0H6U7t1nnsbV3mwHeFH3Twa0_5eTncv4NKo37rIoQoQFJhcYgTTcJEDRAjkhYSiFBhVMEFJwxaackaDKA1SAsUMLH3B8OXNuU:1rJCOu:kiC7xzQLxKKDP14_1Rv_YHmx5V_peEo27D8VME_zcU0",
            "expire_date": "2024-01-12T12:55:44.940Z"
        }
    },
    {
        "model": "sessions.session",
        "pk": "litj6p2vq81mmymxa2bzsqnjhpjw4x3q",
        "fields": {
            "session_data": ".eJxVjDEOwjAMRe-SGUVpUkPMyM4ZIsd2SAG1UtNOiLtDpQ6w_vfef5lE61LT2nROg5iziebwu2Xih44bkDuNt8nyNC7zkO2m2J02e51En5fd_Tuo1Oq37krMnpCh9JwzojgUVkYHfewIvMSTUoBjDMVrYALgggG1Z0IQV8z7AwUkOK4:1rRpYB:9Ej1U573zr1lA6ry-KSY_ZAutIcuh89uywZKOm05dzQ",
            "expire_date": "2024-02-05T08:20:59.017Z"
        }
    },
    {
        "model": "sessions.session",
        "pk": "lt915rwioha3w2c8y5qb88wzjdz2u3da",
        "fields": {
            "session_data": ".eJxVjMsOwiAQAP-FsyE8u61H7_2GZlkWqRpISnsy_rsh6UGvM5N5iwWPPS9H421Zo7gK7cXlFwakJ5du4gPLvUqqZd_WIHsiT9vkXCO_bmf7N8jYcv9aFVUwYCKGMYENiZJzAdhMDhid1pqjRSaYBnTJG69h4DSSV8zkjPh8ARjTOI4:1rZazp:Q5JGWKk0FHSRF85c44aksSrMjXBlEoNI5cSNnWb08_E",
            "expire_date": "2024-02-26T18:25:37.141Z"
        }
    },
    {
        "model": "sessions.session",
        "pk": "lttqv7m4kahczbbxflgqb1zqmkfdiasn",
        "fields": {
            "session_data": ".eJxVjEEOwiAQRe_C2pCB0hFcuu8ZyMCAVA0kpV0Z765NutDtf-_9l_C0rcVvPS1-ZnERWpx-t0DxkeoO-E711mRsdV3mIHdFHrTLqXF6Xg_376BQL9_aGZ0QWYNVZEEhW0OjNjwAwlklQzZGZcABog1jGhjYOpV1Vpk1khHvD6-dNtc:1rjgE1:BXKZA0tRyFROSsJ31hIAeBnfHdMUjCyhe1PvsFg4-E8",
            "expire_date": "2024-03-25T14:01:57.145Z"
        }
    },
    {
        "model": "sessions.session",
        "pk": "lylwhr1i8tqrclpoetwajhkf5ssjwczu",
        "fields": {
            "session_data": ".eJxVjMsOwiAQRf-FtSHDw4G6dN9vIAwDUjU0Ke3K-O_apAvd3nPOfYkQt7WGreclTCwuQqE4_Y4U0yO3nfA9ttss09zWZSK5K_KgXY4z5-f1cP8Oauz1WyeTuZCPSJoB_BkMDs55W3KxRtFQrAadUQGhjiVpQEjGoS3EwGyUeH8AC2c38w:1rhsXq:93T47WD105VWaWoBYo5X6wl6jwpuw4MuxE5t0kt06rY",
            "expire_date": "2024-03-20T14:46:58.069Z"
        }
    },
    {
        "model": "sessions.session",
        "pk": "m1bwkfj8cflui9dnt07o3k7s5c63npuf",
        "fields": {
            "session_data": ".eJxVjDEOwjAMRe-SGUVpUkPMyM4ZIsd2SAG1UtNOiLtDpQ6w_vfef5lE61LT2nROg5iziebwu2Xih44bkDuNt8nyNC7zkO2m2J02e51En5fd_Tuo1Oq37krMnpCh9JwzojgUVkYHfewIvMSTUoBjDMVrYALgggG1Z0IQV8z7AwUkOK4:1rPKcX:dVK68deu88F9OdtTH1xku2YdydGaoy8wfjF1kNXo2Z4",
            "expire_date": "2024-01-29T10:55:09.331Z"
        }
    },
    {
        "model": "sessions.session",
        "pk": "m7h63y1217r3y5ttr710ix5jrvog273n",
        "fields": {
            "session_data": ".eJxVjMsOwiAQRf-FtSE8B3Dp3m8gAwNSNTQp7cr479qkC93ec859sYjb2uI2yhInYmcmJTv9jgnzo_Sd0B37beZ57usyJb4r_KCDX2cqz8vh_h00HO1boyVICihVkwoIqasVELShojIGqwicJeOLr8ooDTZ4oZ3WDg1acF6y9wcDyDch:1rWb1A:0JxomKeOiQbol_51TN89D6CIOn_POwUZUuHdVMAx-Mk",
            "expire_date": "2024-02-18T11:50:36.283Z"
        }
    },
    {
        "model": "sessions.session",
        "pk": "mcf4163m486sje66h94tqngqarwabd22",
        "fields": {
            "session_data": ".eJxVjEEOwiAQRe_C2pCB0hFcuu8ZyMCAVA0kpV0Z765NutDtf-_9l_C0rcVvPS1-ZnERWpx-t0DxkeoO-E711mRsdV3mIHdFHrTLqXF6Xg_376BQL9_aGZ0QWYNVZEEhW0OjNjwAwlklQzZGZcABog1jGhjYOpV1Vpk1khHvD6-dNtc:1rRLFx:zd5Jy-mwvOLoqEDJFHRTkDOdveHEzNaW67UHU9PPujA",
            "expire_date": "2024-02-04T00:00:09.190Z"
        }
    },
    {
        "model": "sessions.session",
        "pk": "mlb4cf08gr89x31jz2dg547bgpajip4m",
        "fields": {
            "session_data": ".eJxVjDEOwjAMRe-SGUVpUkPMyM4ZIsd2SAG1UtNOiLtDpQ6w_vfef5lE61LT2nROg5iziebwu2Xih44bkDuNt8nyNC7zkO2m2J02e51En5fd_Tuo1Oq37krMnpCh9JwzojgUVkYHfewIvMSTUoBjDMVrYALgggG1Z0IQV8z7AwUkOK4:1rSax8:joy24pMSa8IBkptGqkwJUJirnk8d9WRSqCkifTWgkeQ",
            "expire_date": "2024-02-07T10:57:54.097Z"
        }
    },
    {
        "model": "sessions.session",
        "pk": "mqxlql5rxltsr6hhckhjkm2tu6tmg7w4",
        "fields": {
            "session_data": ".eJxVjEEOwiAUBe_C2pAW4VNcuvcM5AEfqRqalHZlvLtt0oVu38y8t_BYl-LXxrMfk7gII06_W0B8ct1BeqDeJxmnusxjkLsiD9rkbUr8uh7u30FBK1utskkUzKAQFcfOBksgdLAO0GDis9F9pshZO2bTO4fssmaizXBqEJ8vAnw4gg:1rQpIx:kPeB87Tlx-dBekAIz4N1JTtXsXLY4REQaOTTkIqawk4",
            "expire_date": "2024-02-02T13:53:07.059Z"
        }
    },
    {
        "model": "sessions.session",
        "pk": "n35wdusfyhue4j0m9zkylu0iin3n8yug",
        "fields": {
            "session_data": ".eJxVjDEOwjAMRe-SGUVpUkPMyM4ZIsd2SAG1UtNOiLtDpQ6w_vfef5lE61LT2nROg5iziebwu2Xih44bkDuNt8nyNC7zkO2m2J02e51En5fd_Tuo1Oq37krMnpCh9JwzojgUVkYHfewIvMSTUoBjDMVrYALgggG1Z0IQV8z7AwUkOK4:1rNJVD:0rD5i1SocDEIdmxyH4LhzG-QltEn2Cn5Czks3mmhi0I",
            "expire_date": "2024-01-23T21:19:15.210Z"
        }
    },
    {
        "model": "sessions.session",
        "pk": "n5skn8tjwt8b0vw1qshtk2bw2j2uldpw",
        "fields": {
            "session_data": ".eJxVjMsOwiAQRf-FtSHDw4G6dN9vIAwDUjU0Ke3K-O_apAvd3nPOfYkQt7WGreclTCwuQqE4_Y4U0yO3nfA9ttss09zWZSK5K_KgXY4z5-f1cP8Oauz1WyeTuZCPSJoB_BkMDs55W3KxRtFQrAadUQGhjiVpQEjGoS3EwGyUeH8AC2c38w:1rk1jQ:oCZL7ZUJAVmcgjXo-jsz5IgXW4Rl_IvYeBLh4Nt8brM",
            "expire_date": "2024-03-26T12:59:48.770Z"
        }
    },
    {
        "model": "sessions.session",
        "pk": "ncfubc78cp6929de7hnsa7t1dx8nla4w",
        "fields": {
            "session_data": ".eJxVjMsOwiAQRf-FtSE8B3Dp3m8gAwNSNTQp7cr479qkC93ec859sYjb2uI2yhInYmcmJTv9jgnzo_Sd0B37beZ57usyJb4r_KCDX2cqz8vh_h00HO1boyVICihVkwoIqasVELShojIGqwicJeOLr8ooDTZ4oZ3WDg1acF6y9wcDyDch:1rc623:njRMtBv970jB26GVjv93FrSa68VyYNTsWOE702w3Xxs",
            "expire_date": "2024-03-04T15:58:15.990Z"
        }
    },
    {
        "model": "sessions.session",
        "pk": "nmt496491vodo49eo5wtewh9id77eguf",
        "fields": {
            "session_data": ".eJxVjEEOwiAQRe_C2hAoZei4dO8ZCMyAVA0kpV0Z765NutDtf-_9l_BhW4vfelr8zOIsNIjT7xgDPVLdCd9DvTVJra7LHOWuyIN2eW2cnpfD_TsooZdvTagHQ5izI0PWJlJKIQ8OY3JIJmttIFkbRh4za2QAp4EnSzAhgWXx_gALWzf3:1rkE9C:apufNApe68E3ZWhtZgk-L5GwTtlzYvmC_MA6W5VqJ8I",
            "expire_date": "2024-03-27T02:15:14.323Z"
        }
    },
    {
        "model": "sessions.session",
        "pk": "nokmf00uizx8ni2jra3rrrmand6ofwa0",
        "fields": {
            "session_data": ".eJxVjEEOwiAUBe_C2pAW4VNcuvcM5AEfqRqalHZlvLtt0oVu38y8t_BYl-LXxrMfk7gII06_W0B8ct1BeqDeJxmnusxjkLsiD9rkbUr8uh7u30FBK1utskkUzKAQFcfOBksgdLAO0GDis9F9pshZO2bTO4fssmaizXBqEJ8vAnw4gg:1rFXOZ:be6-bzzt12VOixhRg6RBA3-t3_gbLmxoIGhCkRhIXlQ",
            "expire_date": "2024-01-02T10:32:15.753Z"
        }
    },
    {
        "model": "sessions.session",
        "pk": "ntudtv0po2qpexwoy4kis04dvj47gxa9",
        "fields": {
            "session_data": ".eJxVjDEOwjAMRe-SGUVpUkPMyM4ZIsd2SAG1UtNOiLtDpQ6w_vfef5lE61LT2nROg5iziebwu2Xih44bkDuNt8nyNC7zkO2m2J02e51En5fd_Tuo1Oq37krMnpCh9JwzojgUVkYHfewIvMSTUoBjDMVrYALgggG1Z0IQV8z7AwUkOK4:1rKbXp:G0Qhyk0L1UOVjxCqnEnvHR5BUVk--H5N-ucNgsoPz3U",
            "expire_date": "2024-01-16T09:58:45.350Z"
        }
    },
    {
        "model": "sessions.session",
        "pk": "nu4aczx69b5opogi88gzbtqppattubvs",
        "fields": {
            "session_data": ".eJxVjEEOwiAQRe_C2pCB0hFcuu8ZyMCAVA0kpV0Z765NutDtf-_9l_C0rcVvPS1-ZnERWpx-t0DxkeoO-E711mRsdV3mIHdFHrTLqXF6Xg_376BQL9_aGZ0QWYNVZEEhW0OjNjwAwlklQzZGZcABog1jGhjYOpV1Vpk1khHvD6-dNtc:1rKbcD:_sYhIYcglcDLcH9_uY0yrTQ7flcyDD9Z1xPdn9MzChU",
            "expire_date": "2024-01-16T10:03:17.149Z"
        }
    },
    {
        "model": "sessions.session",
        "pk": "nxf4lup6elj5yu2b6bv4xnj1gu62h4hp",
        "fields": {
            "session_data": ".eJxVjDEOwjAMRe-SGUVpUkPMyM4ZIsd2SAG1UtNOiLtDpQ6w_vfef5lE61LT2nROg5iziebwu2Xih44bkDuNt8nyNC7zkO2m2J02e51En5fd_Tuo1Oq37krMnpCh9JwzojgUVkYHfewIvMSTUoBjDMVrYALgggG1Z0IQV8z7AwUkOK4:1rMg1N:mflsBi3JL6eW2vuJmHNka7ssOWrkbkWu81edwWpcn6g",
            "expire_date": "2024-01-22T03:09:49.459Z"
        }
    },
    {
        "model": "sessions.session",
        "pk": "nxxqw1dnvwlxsy04kj7elh1yle639q5q",
        "fields": {
            "session_data": ".eJxVjEEOwiAQRe_C2pCB0hFcuu8ZyMCAVA0kpV0Z765NutDtf-_9l_C0rcVvPS1-ZnERWpx-t0DxkeoO-E711mRsdV3mIHdFHrTLqXF6Xg_376BQL9_aGZ0QWYNVZEEhW0OjNjwAwlklQzZGZcABog1jGhjYOpV1Vpk1khHvD6-dNtc:1rKbbl:u1igBnGYJoQnRQ-2egsgXCUOUEF_LgmysbARmnDHFM8",
            "expire_date": "2024-01-16T10:02:49.959Z"
        }
    },
    {
        "model": "sessions.session",
        "pk": "nyw9d0ghydkvgiw8fvco23mzoxcgyukd",
        "fields": {
            "session_data": ".eJxVjMsOwiAQRf-FtSHDw4G6dN9vIAwDUjU0Ke3K-O_apAvd3nPOfYkQt7WGreclTCwuQqE4_Y4U0yO3nfA9ttss09zWZSK5K_KgXY4z5-f1cP8Oauz1WyeTuZCPSJoB_BkMDs55W3KxRtFQrAadUQGhjiVpQEjGoS3EwGyUeH8AC2c38w:1riNN7:Ciwq5Ne7WdXTKZ_bNwbJzfrqC1LUNDsW56ymppGSpp0",
            "expire_date": "2024-03-21T23:41:57.565Z"
        }
    },
    {
        "model": "sessions.session",
        "pk": "o3b3c4wam3limzn0j8xjiupbc4w8zstt",
        "fields": {
            "session_data": ".eJxVjMsOwiAQRf-FtSHDw4G6dN9vIAwDUjU0Ke3K-O_apAvd3nPOfYkQt7WGreclTCwuQqE4_Y4U0yO3nfA9ttss09zWZSK5K_KgXY4z5-f1cP8Oauz1WyeTuZCPSJoB_BkMDs55W3KxRtFQrAadUQGhjiVpQEjGoS3EwGyUeH8AC2c38w:1riAsZ:Hs9abxwHHFwN7MQ6ymPRCfu2NT9vMCDRL8R-clWxq2U",
            "expire_date": "2024-03-21T10:21:35.404Z"
        }
    },
    {
        "model": "sessions.session",
        "pk": "o3v2uk1yocup4blrkgwcf3uf4tqchnyj",
        "fields": {
            "session_data": ".eJxVjU0OgyAQhe8y68YIgqi7ehEyDEMkpZgodNP07q2NG5fv73tvQKK15mJfvMUQ2Vt-Ykww5ZrSDSzWsti682ajhwmEhovpkB6cjwRTOuzm5DX_zhnvzf2nOJdIWOKa53N1QS24L8dD1_rWSSM9uiGYzgUKSjnDclSGUQkh2HfIZMYeVdBSC9NzGEi3zKQkfL7Enkho:1rZVBt:Qt4MgwRyR_42BOMx7nho_Ij9nncN91oDnyE1eglyDqM",
            "expire_date": "2024-02-26T12:13:41.235Z"
        }
    },
    {
        "model": "sessions.session",
        "pk": "o8yqhq8zzetq4m6e4dzbrcwhw6nf998c",
        "fields": {
            "session_data": ".eJxVjDEOwjAMRe-SGUVpUkPMyM4ZIsd2SAG1UtNOiLtDpQ6w_vfef5lE61LT2nROg5iziebwu2Xih44bkDuNt8nyNC7zkO2m2J02e51En5fd_Tuo1Oq37krMnpCh9JwzojgUVkYHfewIvMSTUoBjDMVrYALgggG1Z0IQV8z7AwUkOK4:1rO7mb:fMC2Y-MVb7vKXbP7Qmlpl687kA0m1yT3IteJg60qLxc",
            "expire_date": "2024-01-26T03:00:33.317Z"
        }
    },
    {
        "model": "sessions.session",
        "pk": "osdt9a3bpja287rwzkqzte9l7rbzxsxz",
        "fields": {
            "session_data": ".eJxVjMsOwiAQRf-FtSEUGAZcuvcbyPCSqoGktCvjv2uTLnR7zzn3xTxta_XbyIufEzszw06_W6D4yG0H6U7t1nnsbV3mwHeFH3Twa0_5eTncv4NKo37rIoQoQFJhcYgTTcJEDRAjkhYSiFBhVMEFJwxaackaDKA1SAsUMLH3B8OXNuU:1rSDZE:WcaMWGaJHqZN0kfc8hLhVPOtzuz16ideTe_kbASfVKI",
            "expire_date": "2024-02-06T09:59:40.547Z"
        }
    },
    {
        "model": "sessions.session",
        "pk": "p08i0a0ocf2bkfc0p0ccsxkekjl18gf9",
        "fields": {
            "session_data": ".eJxVjEEOwiAQRe_C2pCB0hFcuu8ZyMCAVA0kpV0Z765NutDtf-_9l_C0rcVvPS1-ZnERWpx-t0DxkeoO-E711mRsdV3mIHdFHrTLqXF6Xg_376BQL9_aGZ0QWYNVZEEhW0OjNjwAwlklQzZGZcABog1jGhjYOpV1Vpk1khHvD6-dNtc:1rMmDI:UeDyErKsvgufUAaRrs4jkoxOFgl7HgOVsgMLe4YVxQQ",
            "expire_date": "2024-01-22T09:46:32.770Z"
        }
    },
    {
        "model": "sessions.session",
        "pk": "p2vllr0tuhlisvrk5aoysvqpv9alsobv",
        "fields": {
            "session_data": ".eJxVjDEOwjAMRe-SGUVpUkPMyM4ZIsd2SAG1UtNOiLtDpQ6w_vfef5lE61LT2nROg5iziebwu2Xih44bkDuNt8nyNC7zkO2m2J02e51En5fd_Tuo1Oq37krMnpCh9JwzojgUVkYHfewIvMSTUoBjDMVrYALgggG1Z0IQV8z7AwUkOK4:1rSxp2:IT4hN82hDM8MYnpS2FrcaMTRuGULuKgLDwfePVdtUKI",
            "expire_date": "2024-02-08T11:23:04.528Z"
        }
    },
    {
        "model": "sessions.session",
        "pk": "p5wgdst06sb5am8fcb3uoeo2zag3cxtj",
        "fields": {
            "session_data": ".eJxVjMsOwiAQRf-FtSE8B3Dp3m8gAwNSNTQp7cr479qkC93ec859sYjb2uI2yhInYmcmJTv9jgnzo_Sd0B37beZ57usyJb4r_KCDX2cqz8vh_h00HO1boyVICihVkwoIqasVELShojIGqwicJeOLr8ooDTZ4oZ3WDg1acF6y9wcDyDch:1rd1aD:dILtiX_V0HU6U7JcPaeXYto0S5Ar0uOS_g1Z7XtY2X8",
            "expire_date": "2024-03-07T05:25:21.064Z"
        }
    },
    {
        "model": "sessions.session",
        "pk": "p6z4t2fez68zk4aasv8x66j5bo92sbep",
        "fields": {
            "session_data": ".eJxVjEEOwiAQRe_C2pCB0hFcuu8ZyMCAVA0kpV0Z765NutDtf-_9l_C0rcVvPS1-ZnERWpx-t0DxkeoO-E711mRsdV3mIHdFHrTLqXF6Xg_376BQL9_aGZ0QWYNVZEEhW0OjNjwAwlklQzZGZcABog1jGhjYOpV1Vpk1khHvD6-dNtc:1rZWPb:DvUwmh6RbIqTQW1rfnBvvvuNn-D-h3dytL3DDAcG0q4",
            "expire_date": "2024-02-26T13:31:55.432Z"
        }
    },
    {
        "model": "sessions.session",
        "pk": "p7sitfsc4bkfswqhj5ae3xn6dp6915n0",
        "fields": {
            "session_data": ".eJxVjMsOwiAQRf-FtSE8B3Dp3m8gAwNSNTQp7cr479qkC93ec859sYjb2uI2yhInYmcmJTv9jgnzo_Sd0B37beZ57usyJb4r_KCDX2cqz8vh_h00HO1boyVICihVkwoIqasVELShojIGqwicJeOLr8ooDTZ4oZ3WDg1acF6y9wcDyDch:1rhCM9:RprTXcOOmjREnGFI_uwAbpljrhJ-2QY-uHbFIvHbiqk",
            "expire_date": "2024-03-18T17:44:05.757Z"
        }
    },
    {
        "model": "sessions.session",
        "pk": "psw8zidrrz3d3s4egzsgr5yie7nqd6j4",
        "fields": {
            "session_data": ".eJxVjDEOwjAMRe-SGUVpUkPMyM4ZIsd2SAG1UtNOiLtDpQ6w_vfef5lE61LT2nROg5iziebwu2Xih44bkDuNt8nyNC7zkO2m2J02e51En5fd_Tuo1Oq37krMnpCh9JwzojgUVkYHfewIvMSTUoBjDMVrYALgggG1Z0IQV8z7AwUkOK4:1rTsVY:hiH5Y_VDjm_OKguHPea5yTQjLK2L0UPYncnJCJ24bZw",
            "expire_date": "2024-02-10T23:54:44.121Z"
        }
    },
    {
        "model": "sessions.session",
        "pk": "puogknmfvwgwekg5qp93k15bvk4g8kid",
        "fields": {
            "session_data": ".eJxVjDEOwjAMRe-SGUVpUkPMyM4ZIsd2SAG1UtNOiLtDpQ6w_vfef5lE61LT2nROg5iziebwu2Xih44bkDuNt8nyNC7zkO2m2J02e51En5fd_Tuo1Oq37krMnpCh9JwzojgUVkYHfewIvMSTUoBjDMVrYALgggG1Z0IQV8z7AwUkOK4:1rKy4J:HHfgPaxjTwoy56dcmi9ZVBA4flPLcCmAYWd84iY4C50",
            "expire_date": "2024-01-17T10:01:47.495Z"
        }
    },
    {
        "model": "sessions.session",
        "pk": "px1zhsd9wkucae5yfctxr3xjy6synjqn",
        "fields": {
            "session_data": ".eJxVjMsOwiAQRf-FtSFQ3i7d-w1kYAapGkhKuzL-uzbpQrf3nHNfLMK21rgNWuKM7MzkxE6_Y4L8oLYTvEO7dZ57W5c58V3hBx382pGel8P9O6gw6rcWMkjltUIshgQazNpSKUmBsWoqJLXRYHXIQnoKviQQ1iSpEY1ztjj2_gAGrjgN:1rRLlq:66KNIJdPBtDIZHpTnM_Yd3UkTXNfiTF0P6Mdt_Zqyjk",
            "expire_date": "2024-02-04T00:33:06.362Z"
        }
    },
    {
        "model": "sessions.session",
        "pk": "py417pbjbzxd1ckgcxloo6z4gk5wi2uj",
        "fields": {
            "session_data": ".eJxVjMsOwiAQRf-FtSEUGAZcuvcbyPCSqoGktCvjv2uTLnR7zzn3xTxta_XbyIufEzszw06_W6D4yG0H6U7t1nnsbV3mwHeFH3Twa0_5eTncv4NKo37rIoQoQFJhcYgTTcJEDRAjkhYSiFBhVMEFJwxaackaDKA1SAsUMLH3B8OXNuU:1riUzR:I2fwosyydHW4ufhoyAJe6H1eNEhXd5CAdhrmUSmKQD4",
            "expire_date": "2024-03-22T07:50:01.057Z"
        }
    },
    {
        "model": "sessions.session",
        "pk": "qbtctjizsj2lwb852i6ts4lqy6skvbnz",
        "fields": {
            "session_data": ".eJxVjMsOwiAQRf-FtSE8B3Dp3m8gAwNSNTQp7cr479qkC93ec859sYjb2uI2yhInYmcmJTv9jgnzo_Sd0B37beZ57usyJb4r_KCDX2cqz8vh_h00HO1boyVICihVkwoIqasVELShojIGqwicJeOLr8ooDTZ4oZ3WDg1acF6y9wcDyDch:1rV3rO:7J64Sk4GV1JB94TBnbrVNN1xiN8cRZsRQxWDsPsg6-Q",
            "expire_date": "2024-02-14T06:14:10.328Z"
        }
    },
    {
        "model": "sessions.session",
        "pk": "qd53vazg0ffdfj2ejuyy213h2j3xrl4u",
        "fields": {
            "session_data": ".eJxVjMsOwiAQAP-FsyE8u61H7_2GZlkWqRpISnsy_rsh6UGvM5N5iwWPPS9H421Zo7gK7cXlFwakJ5du4gPLvUqqZd_WIHsiT9vkXCO_bmf7N8jYcv9aFVUwYCKGMYENiZJzAdhMDhid1pqjRSaYBnTJG69h4DSSV8zkjPh8ARjTOI4:1rZcQD:z2iGd1DS05GoZKwg98iYSiaijNHhJq1VVvYg9ED9ZbQ",
            "expire_date": "2024-02-26T19:56:57.561Z"
        }
    },
    {
        "model": "sessions.session",
        "pk": "qe1wauquep3fdogi3bs3xwf98zz4e6kv",
        "fields": {
            "session_data": ".eJxVjEEOwiAQRe_C2hBgLIhL956BzDBTqRpISrsy3l2bdKHb_977L5VwXUpau8xpYnVWUR1-N8L8kLoBvmO9NZ1bXeaJ9KbonXZ9bSzPy-7-HRTs5VsT2pxHEMfeiTVIcCIwRxeyNRwDk7hohDyM6GkAEmaEDMEHw87DoN4fCRw4dw:1rKbik:9lNHKCL6O6-esuDTTHDbDs78F7RruXvr_KF16VDHPEs",
            "expire_date": "2024-01-16T10:10:02.587Z"
        }
    },
    {
        "model": "sessions.session",
        "pk": "qhli17louxur84jxisa6qjz2rqoba4ao",
        "fields": {
            "session_data": ".eJxVjDEOwjAMRe-SGUVpUkPMyM4ZIsd2SAG1UtNOiLtDpQ6w_vfef5lE61LT2nROg5iziebwu2Xih44bkDuNt8nyNC7zkO2m2J02e51En5fd_Tuo1Oq37krMnpCh9JwzojgUVkYHfewIvMSTUoBjDMVrYALgggG1Z0IQV8z7AwUkOK4:1rRS49:6B0M2OXNkTAosIXOsiu8uSgZqywTiK3qqSUZrXOkt5E",
            "expire_date": "2024-02-04T07:16:25.231Z"
        }
    },
    {
        "model": "sessions.session",
        "pk": "qn2r1lt65ldbj2db1h1828uv7ow4v52i",
        "fields": {
            "session_data": ".eJxVjDsOwyAQRO9CHVlgPv50yUXQwi4yCsGSgTRR7h47cuNy3sy8DwPv15arfdMWQyS09IKY2JxbSjdmodXFtkKbjchmJnp2gQ78k_LRQEoH7k5f99-cdenue6Jco4ca1_w4XxfVAmXZPVxMQo5KIgZNHDV6ZSgEJ0Eb2QcSSiswavJcjDSNwQE32gmFqIfBhIF9f7JbR-c:1rRL4H:RRkNiPCVBVey5gFApxSN2H_aUmEig4dI0H0_jaNQdrk",
            "expire_date": "2024-02-03T23:48:05.693Z"
        }
    },
    {
        "model": "sessions.session",
        "pk": "qo2n4766vna7pq32007nocq23vh4krd7",
        "fields": {
            "session_data": ".eJxVjMsOwiAQRf-FtSFQ3i7d-w1kYAapGkhKuzL-uzbpQrf3nHNfLMK21rgNWuKM7MzkxE6_Y4L8oLYTvEO7dZ57W5c58V3hBx382pGel8P9O6gw6rcWMkjltUIshgQazNpSKUmBsWoqJLXRYHXIQnoKviQQ1iSpEY1ztjj2_gAGrjgN:1rRL4h:mPMecOzRDP5LJX6qJ77FUDCHD2kN71G4vRy1UoZlYAQ",
            "expire_date": "2024-02-03T23:48:31.426Z"
        }
    },
    {
        "model": "sessions.session",
        "pk": "qpr8m6hb69i9bb26mndrvnvyp9mrlzin",
        "fields": {
            "session_data": ".eJxVjcEOwiAQRP-FsyFlgRY8eu83kF3YStVAUtqT8d9tkx70Ou_NzFsE3NYctsZLmJO4CiUuvxlhfHI5QHpguVcZa1mXmeShyJM2OdbEr9vp_g1kbHlvWwAPEYCBCM2ACS1OTlvvPXXsDJBWqLXremWnwUSdnGfgaKFHt9-IzxfWUTfJ:1rDQFK:aSbLbMFMNuVGYZpiEZc39T3Alc0s1XBUmjQMdmnp0yg",
            "expire_date": "2023-12-27T14:29:58.911Z"
        }
    },
    {
        "model": "sessions.session",
        "pk": "qti7m4kc0r8tbwnzj3z759abpt43jxbm",
        "fields": {
            "session_data": ".eJxVjMsOwiAQAP-FsyE8u61H7_2GZlkWqRpISnsy_rsh6UGvM5N5iwWPPS9H421Zo7gK7cXlFwakJ5du4gPLvUqqZd_WIHsiT9vkXCO_bmf7N8jYcv9aFVUwYCKGMYENiZJzAdhMDhid1pqjRSaYBnTJG69h4DSSV8zkjPh8ARjTOI4:1rZbp3:CU9ZhMUUevppp8V2Q6bDVYwIMlh81Hy5r2koO1_TdCk",
            "expire_date": "2024-02-26T19:18:33.070Z"
        }
    },
    {
        "model": "sessions.session",
        "pk": "qvmf74zyss13s6i4ci6hq9uevwf83eal",
        "fields": {
            "session_data": ".eJxVjDEOwjAMRe-SGUVpUkPMyM4ZIsd2SAG1UtNOiLtDpQ6w_vfef5lE61LT2nROg5iziebwu2Xih44bkDuNt8nyNC7zkO2m2J02e51En5fd_Tuo1Oq37krMnpCh9JwzojgUVkYHfewIvMSTUoBjDMVrYALgggG1Z0IQV8z7AwUkOK4:1rNkvh:JOl1G8DXNpsciCYSLTVF2C9e1xZDz54LI_zvvCU0Iik",
            "expire_date": "2024-01-25T02:36:25.906Z"
        }
    },
    {
        "model": "sessions.session",
        "pk": "r57olrfb8wf2jms12cc9k4u2vsy9w7h4",
        "fields": {
            "session_data": ".eJxVjMsOwiAQRf-FtSEUGAZcuvcbyPCSqoGktCvjv2uTLnR7zzn3xTxta_XbyIufEzszw06_W6D4yG0H6U7t1nnsbV3mwHeFH3Twa0_5eTncv4NKo37rIoQoQFJhcYgTTcJEDRAjkhYSiFBhVMEFJwxaackaDKA1SAsUMLH3B8OXNuU:1rOugJ:9b_BfCYYGEvFUE_jY-FE_c196ZBXs0hG3baD7X6B7U8",
            "expire_date": "2024-01-28T07:13:19.895Z"
        }
    },
    {
        "model": "sessions.session",
        "pk": "rf8ag31kgaxpexmwfjq6x0icifxu27d9",
        "fields": {
            "session_data": ".eJxVjMsOwiAQRf-FtSEUGAZcuvcbyPCSqoGktCvjv2uTLnR7zzn3xTxta_XbyIufEzszw06_W6D4yG0H6U7t1nnsbV3mwHeFH3Twa0_5eTncv4NKo37rIoQoQFJhcYgTTcJEDRAjkhYSiFBhVMEFJwxaackaDKA1SAsUMLH3B8OXNuU:1rLQUM:ECrVaq7aBk4wmWcWkcVqtpgnjXAVVpTw9bYyqJqJcJs",
            "expire_date": "2024-01-18T16:22:34.994Z"
        }
    },
    {
        "model": "sessions.session",
        "pk": "ruw6yhj0nxo1bbepro16caix3idt4akj",
        "fields": {
            "session_data": ".eJxVjMsOwiAQRf-FtSHDw4G6dN9vIAwDUjU0Ke3K-O_apAvd3nPOfYkQt7WGreclTCwuQqE4_Y4U0yO3nfA9ttss09zWZSK5K_KgXY4z5-f1cP8Oauz1WyeTuZCPSJoB_BkMDs55W3KxRtFQrAadUQGhjiVpQEjGoS3EwGyUeH8AC2c38w:1rhsSZ:5qHNmfu3jaQjJdXjKlFWoEAG9ke9Xs8IXRFild2aX-s",
            "expire_date": "2024-03-20T14:41:31.255Z"
        }
    },
    {
        "model": "sessions.session",
        "pk": "rvfc0ru7u6jyh1rwkwmo3b6sn6a7bq4p",
        "fields": {
            "session_data": ".eJxVjMsOwiAQRf-FtSEUGAZcuvcbyPCSqoGktCvjv2uTLnR7zzn3xTxta_XbyIufEzszw06_W6D4yG0H6U7t1nnsbV3mwHeFH3Twa0_5eTncv4NKo37rIoQoQFJhcYgTTcJEDRAjkhYSiFBhVMEFJwxaackaDKA1SAsUMLH3B8OXNuU:1rKwls:9_wO_-88R6MeNWgigm1WFKRC-CIj9hOdOwh3xBdA6Uc",
            "expire_date": "2024-01-17T08:38:40.235Z"
        }
    },
    {
        "model": "sessions.session",
        "pk": "rznq2mx7kydo1io4jr4noxkr4bj7j4m3",
        "fields": {
            "session_data": ".eJxVjU0OgyAQhe8y68boIAru2ouQAcZISjER6Kbp3auNG5fv73sfIOfWmop58xbmwN7wi0KEKdUYb2ColsXUzJsJHibo4OJZck9OR0AxHnZz4pp_54xzc98VpxIclbCmx7m6oBbKy86RiBodIqO11I_kSdKshNRa25ZVj1Z0JIRqh07OY--EV5qRncSB1P4H3x90s0ej:1rDQF2:vwnSaQ_xdaGsjVB7opDLGBSmLXeeM5QdzUw6ewlnyqQ",
            "expire_date": "2023-12-27T14:29:40.904Z"
        }
    },
    {
        "model": "sessions.session",
        "pk": "si0m1uuyddgeqlge6s3wqar9rlu7g0ag",
        "fields": {
            "session_data": ".eJxVjMsOwiAQRf-FtSE8B3Dp3m8gAwNSNTQp7cr479qkC93ec859sYjb2uI2yhInYmcmJTv9jgnzo_Sd0B37beZ57usyJb4r_KCDX2cqz8vh_h00HO1boyVICihVkwoIqasVELShojIGqwicJeOLr8ooDTZ4oZ3WDg1acF6y9wcDyDch:1rgnFc:r712Jy5VdNoiFPtSvhCUvmDCHGtR6WflykbUosT-LFw",
            "expire_date": "2024-03-17T14:55:40.978Z"
        }
    },
    {
        "model": "sessions.session",
        "pk": "sikfw6n0iot3al542fha7058orn787r2",
        "fields": {
            "session_data": ".eJxVjDEOwjAMRe-SGUVpUkPMyM4ZIsd2SAG1UtNOiLtDpQ6w_vfef5lE61LT2nROg5iziebwu2Xih44bkDuNt8nyNC7zkO2m2J02e51En5fd_Tuo1Oq37krMnpCh9JwzojgUVkYHfewIvMSTUoBjDMVrYALgggG1Z0IQV8z7AwUkOK4:1rV5T5:tYcAq5cxw_O1cLKklGBuBfUtyDZoeayrcyAVdUqdhlQ",
            "expire_date": "2024-02-14T07:57:11.087Z"
        }
    },
    {
        "model": "sessions.session",
        "pk": "snzs5neirsi5ibft94pn3y1ilgrlxoqj",
        "fields": {
            "session_data": ".eJxVjMsOwiAQRf-FtSE8B3Dp3m8gAwNSNTQp7cr479qkC93ec859sYjb2uI2yhInYmcmJTv9jgnzo_Sd0B37beZ57usyJb4r_KCDX2cqz8vh_h00HO1boyVICihVkwoIqasVELShojIGqwicJeOLr8ooDTZ4oZ3WDg1acF6y9wcDyDch:1rSeS4:TKd_1Iz10fcAca6E1pJjEaBabajGNxny1qHqnTdAKz4",
            "expire_date": "2024-02-07T14:42:04.201Z"
        }
    },
    {
        "model": "sessions.session",
        "pk": "sz2a4dof3dprt0d4aiy9eok3rbfcga3d",
        "fields": {
            "session_data": ".eJxVjMsOwiAQRf-FtSE8B3Dp3m8gAwNSNTQp7cr479qkC93ec859sYjb2uI2yhInYmcmJTv9jgnzo_Sd0B37beZ57usyJb4r_KCDX2cqz8vh_h00HO1boyVICihVkwoIqasVELShojIGqwicJeOLr8ooDTZ4oZ3WDg1acF6y9wcDyDch:1rPPDL:OlrzMtEgCUULVwYOGSs0HZ8-GomTzWCMfMoAEvonzvs",
            "expire_date": "2024-01-29T15:49:27.558Z"
        }
    },
    {
        "model": "sessions.session",
        "pk": "ta9pfll8t7rgmmqcwfnc0t5brov3ffvr",
        "fields": {
            "session_data": ".eJxVjMEOgyAQRP9lz41RFhW9tT9C1mWJpBQThV6a_nu18eJx3sy8DxDzUlK2b1mDD-KsvChEGFOJ8QaWSp5t2WS1wcEICBc2ET8lHQXFeODq1FX_zVlv1X1PknJgymFJj_N1Uc20zbun8Tg4x8YQ102LvQh1vVKsB1GuxZa0FlaCTJ14R6YejJomzxpRNdLX8P0BlqlINQ:1rDQN0:zRO9vtkbfZRKBqpORQC3PHFLAV4Izln57amf7RCQgNU",
            "expire_date": "2023-12-27T14:37:54.270Z"
        }
    },
    {
        "model": "sessions.session",
        "pk": "tkvu5imdoylbtqzreyevsrhe6vwduouh",
        "fields": {
            "session_data": ".eJxVjMsOwiAQRf-FtSE8B3Dp3m8gAwNSNTQp7cr479qkC93ec859sYjb2uI2yhInYmcmJTv9jgnzo_Sd0B37beZ57usyJb4r_KCDX2cqz8vh_h00HO1boyVICihVkwoIqasVELShojIGqwicJeOLr8ooDTZ4oZ3WDg1acF6y9wcDyDch:1rdjjw:Jv9lEk6pGJFbTbwiO6wB7pQgQ8IvSdhjhQUgMIlo_Gs",
            "expire_date": "2024-03-09T04:34:20.296Z"
        }
    },
    {
        "model": "sessions.session",
        "pk": "tnu4jygap8wsy7fkzdfrnc1ufaaqp2r5",
        "fields": {
            "session_data": ".eJxVjM0OgjAQhN-lZ0O2P27Bm7wI2d22KZGURNqT8d0Fw0GP883M91ITtZqntsXnNAd1UxrV5RcyySOWo6FlOXBHImsrtftuznrr7nuKpc5CdV7LeL7-VJm2vHvExpC4J2QTAPorWBy8712KyVnNQ3IGTEQNjIaSGEAQ69ElDhCC1er9AeVwPGc:1rhujk:qQeLtOy8sZdP0qKF9kDylwKsTApsRR8Dt9vNaboj2z4",
            "expire_date": "2024-03-20T17:07:24.193Z"
        }
    },
    {
        "model": "sessions.session",
        "pk": "tthylylnfl4j9fgu25hjbjdhyxr1ksvl",
        "fields": {
            "session_data": ".eJwFwckRgCAMAMBeUgEBE4jNMJhjeIu8HHt394U-9jP7Xn73OdaEE1QwF5WIqkWJXFNKYrnK5VW0BGJhJxqHHWEoxlyRrZFyE2Uy-H6Txxlh:1rk27Z:jSP7acnX1R-dVF5Zw-x6x9Mc9ENUKW-obtjprQKzvrE",
            "expire_date": "2024-03-26T13:24:45.569Z"
        }
    },
    {
        "model": "sessions.session",
        "pk": "ugb568y80utirbb943k5uqsui560z1ix",
        "fields": {
            "session_data": ".eJxVjMsOwiAQRf-FtSE8B3Dp3m8gAwNSNTQp7cr479qkC93ec859sYjb2uI2yhInYmcmJTv9jgnzo_Sd0B37beZ57usyJb4r_KCDX2cqz8vh_h00HO1boyVICihVkwoIqasVELShojIGqwicJeOLr8ooDTZ4oZ3WDg1acF6y9wcDyDch:1reC51:p5aUPdElWfaPaEuzi2uLmejgZu1TJphAc1hAUEbxWjY",
            "expire_date": "2024-03-10T10:49:59.678Z"
        }
    },
    {
        "model": "sessions.session",
        "pk": "ut6wfta5j1pc6ldxrzj5z0pr5s85fght",
        "fields": {
            "session_data": ".eJxVjM0OgjAQhN-lZ0O2P27Bm7wI2d22KZGURNqT8d0Fw0GP883M91ITtZqntsXnNAd1UxrV5RcyySOWo6FlOXBHImsrtftuznrr7nuKpc5CdV7LeL7-VJm2vHvExpC4J2QTAPorWBy8712KyVnNQ3IGTEQNjIaSGEAQ69ElDhCC1er9AeVwPGc:1riB1O:Dp1QFudeCFNOZRbz8SoMTVoPnsQrMXVdi6fZhRDihr4",
            "expire_date": "2024-03-21T10:30:42.891Z"
        }
    },
    {
        "model": "sessions.session",
        "pk": "uuf5fs7fykb3u6pt8y6fz75h7gnynaq3",
        "fields": {
            "session_data": ".eJxVjMsOwiAQAP-FsyE8u61H7_2GZlkWqRpISnsy_rsh6UGvM5N5iwWPPS9H421Zo7gK7cXlFwakJ5du4gPLvUqqZd_WIHsiT9vkXCO_bmf7N8jYcv9aFVUwYCKGMYENiZJzAdhMDhid1pqjRSaYBnTJG69h4DSSV8zkjPh8ARjTOI4:1rZbEl:edmBQa_1mURdWwEW6jiR7uPoWqDCNBQWXZqRum-nmcA",
            "expire_date": "2024-02-26T18:41:03.145Z"
        }
    },
    {
        "model": "sessions.session",
        "pk": "uwsstpe78zp5qfrwhqk9d6l98fm60v20",
        "fields": {
            "session_data": ".eJxVjMEOgyAQRP-Fc2NgsYDe2h8hy7pEUopJhV6a_nu18eJx3sy8j0CipZXq3_xKMfHk-Ykpi7G0nC_CY6uzbyu_fJrEKJQWJxiQHlz2BnPecXf4uv_mqNfutiUuNRHWtJT78TqpZlznzQNXCQpChL43yjgp5eSkdsTKaKDJ2gBODiwxGrIQB2KrA5gIxvaDjiy-P3l1Rus:1rTLvV:E7qy5CEW-F5dDJaItS8LC54XMnhUpviUcXs11lh7B8A",
            "expire_date": "2024-02-09T13:07:21.510Z"
        }
    },
    {
        "model": "sessions.session",
        "pk": "v0zxll39icdc06gpkurf4dxao4qa0g07",
        "fields": {
            "session_data": ".eJxVjMsOwiAQRf-FtSE8B3Dp3m8gAwNSNTQp7cr479qkC93ec859sYjb2uI2yhInYmcmJTv9jgnzo_Sd0B37beZ57usyJb4r_KCDX2cqz8vh_h00HO1boyVICihVkwoIqasVELShojIGqwicJeOLr8ooDTZ4oZ3WDg1acF6y9wcDyDch:1rZV4u:2zOBDbpZm4CKLWkYQMVNM9ueFmUbxKl22n3pJ5LV5aU",
            "expire_date": "2024-02-26T12:06:28.038Z"
        }
    },
    {
        "model": "sessions.session",
        "pk": "v3jyx4v7qt72gbgy2oky63k0kdu76t96",
        "fields": {
            "session_data": ".eJxVjDEOwjAMRe-SGUVpUkPMyM4ZIsd2SAG1UtNOiLtDpQ6w_vfef5lE61LT2nROg5iziebwu2Xih44bkDuNt8nyNC7zkO2m2J02e51En5fd_Tuo1Oq37krMnpCh9JwzojgUVkYHfewIvMSTUoBjDMVrYALgggG1Z0IQV8z7AwUkOK4:1rLXCZ:L6alq161Uuml83dy5ytIyVPnbtwV4gnHDdrAY1BLv_0",
            "expire_date": "2024-01-18T23:32:39.612Z"
        }
    },
    {
        "model": "sessions.session",
        "pk": "vg7d1d69yznhx5vo6iup8ht142j5mpiz",
        "fields": {
            "session_data": ".eJxVjEEOgyAURO_CujGIXxB37UXIBz6RlGIi0E3Tu1cbNy7nzcz7MHRubbmaN20xRPKGXhgTm3NL6cYMtrqYVmgz0bOZ9ZpdoEX3pHw0mNKBu9PX_TdnXbr7nijX6LDGNT_O10W1YFl2j7cSQQaOA1ilLQcNvZIqgBxEsMqPEwzcCxxBgiKheue5tUIBBZicntj3B6PuR14:1rjhCH:2qHs3igbcf_PRmkCClj2uvgjXl0zudOOd6WiLWAuSEo",
            "expire_date": "2024-03-25T15:04:13.764Z"
        }
    },
    {
        "model": "sessions.session",
        "pk": "vix6onm1kzjlo5e2x8wrq4p1hgm7k9ax",
        "fields": {
            "session_data": ".eJxVjMsOwiAQRf-FtSHDw4G6dN9vIAwDUjU0Ke3K-O_apAvd3nPOfYkQt7WGreclTCwuQqE4_Y4U0yO3nfA9ttss09zWZSK5K_KgXY4z5-f1cP8Oauz1WyeTuZCPSJoB_BkMDs55W3KxRtFQrAadUQGhjiVpQEjGoS3EwGyUeH8AC2c38w:1rk10k:nDP-xQx-UR3DFhVwM_ggW_giEjFGTb7zfu17QRVC9J4",
            "expire_date": "2024-03-26T12:13:38.509Z"
        }
    },
    {
        "model": "sessions.session",
        "pk": "vlcjq6ewgg5fkww1f8wj75gmh4qqjrj9",
        "fields": {
            "session_data": ".eJxVjMsOwiAQRf-FtSEUGAZcuvcbyPCSqoGktCvjv2uTLnR7zzn3xTxta_XbyIufEzszw06_W6D4yG0H6U7t1nnsbV3mwHeFH3Twa0_5eTncv4NKo37rIoQoQFJhcYgTTcJEDRAjkhYSiFBhVMEFJwxaackaDKA1SAsUMLH3B8OXNuU:1rIVQd:QJAWjhT5VRNNsdI53kOEQhSXcn-ES6lDJm90PeJeY9k",
            "expire_date": "2024-01-10T15:02:39.095Z"
        }
    },
    {
        "model": "sessions.session",
        "pk": "vpj7g43g4ufyxec30puvi1kv4bccw3d0",
        "fields": {
            "session_data": ".eJxVjDEOwjAMRe-SGUVpUkPMyM4ZIsd2SAG1UtNOiLtDpQ6w_vfef5lE61LT2nROg5iziebwu2Xih44bkDuNt8nyNC7zkO2m2J02e51En5fd_Tuo1Oq37krMnpCh9JwzojgUVkYHfewIvMSTUoBjDMVrYALgggG1Z0IQV8z7AwUkOK4:1rLxtX:Gu49vbY9257mcD3dIQw34mgsC9CMLYrAyMCNs43nmyQ",
            "expire_date": "2024-01-20T04:02:47.518Z"
        }
    },
    {
        "model": "sessions.session",
        "pk": "vsjeyaytql1mjkpu1byw94n8fz2vo30x",
        "fields": {
            "session_data": ".eJxVjMsOwiAQRf-FtSE8B3Dp3m8gAwNSNTQp7cr479qkC93ec859sYjb2uI2yhInYmcmJTv9jgnzo_Sd0B37beZ57usyJb4r_KCDX2cqz8vh_h00HO1boyVICihVkwoIqasVELShojIGqwicJeOLr8ooDTZ4oZ3WDg1acF6y9wcDyDch:1ri8av:latxhuB_tJocEQjr4COCH0Q0NgVpzV6GzDtZpN5R7Qc",
            "expire_date": "2024-03-21T07:55:13.052Z"
        }
    },
    {
        "model": "sessions.session",
        "pk": "vwy46w60ovmos3kbexa1822h08lssf1b",
        "fields": {
            "session_data": ".eJxVjEEOwiAUBe_C2pAW4VNcuvcM5AEfqRqalHZlvLtt0oVu38y8t_BYl-LXxrMfk7gII06_W0B8ct1BeqDeJxmnusxjkLsiD9rkbUr8uh7u30FBK1utskkUzKAQFcfOBksgdLAO0GDis9F9pshZO2bTO4fssmaizXBqEJ8vAnw4gg:1rdrsy:wZ1A0mNm71WemnymDMfJYdgVkEPXPN4zCT05AVJ1Jlk",
            "expire_date": "2024-03-09T13:16:12.227Z"
        }
    },
    {
        "model": "sessions.session",
        "pk": "vyt0wlqf76qkqvpc2mpcz1f6vgj0963x",
        "fields": {
            "session_data": ".eJxVjMsOwiAQRf-FtSE8B3Dp3m8gAwNSNTQp7cr479qkC93ec859sYjb2uI2yhInYmcmJTv9jgnzo_Sd0B37beZ57usyJb4r_KCDX2cqz8vh_h00HO1boyVICihVkwoIqasVELShojIGqwicJeOLr8ooDTZ4oZ3WDg1acF6y9wcDyDch:1rOgK3:YlCWUZBr8evxYqPP1QsZ7sVmVEE4KotwIberLvPGnQQ",
            "expire_date": "2024-01-27T15:53:23.502Z"
        }
    },
    {
        "model": "sessions.session",
        "pk": "wbiqbo25c1w4zhrwvxkotwft1uzgyxp0",
        "fields": {
            "session_data": ".eJxVjM0OgjAQhN-lZ0O2P27Bm7wI2d22KZGURNqT8d0Fw0GP883M91ITtZqntsXnNAd1UxrV5RcyySOWo6FlOXBHImsrtftuznrr7nuKpc5CdV7LeL7-VJm2vHvExpC4J2QTAPorWBy8712KyVnNQ3IGTEQNjIaSGEAQ69ElDhCC1er9AeVwPGc:1rixA1:XitwJkT0iy4mFp3z2fsG6VsLNAWxPi3eXBay4BDJ4kY",
            "expire_date": "2024-03-23T13:54:49.539Z"
        }
    },
    {
        "model": "sessions.session",
        "pk": "wh7p7i46n7ao8dtopfrpuikun10sv6nk",
        "fields": {
            "session_data": ".eJxVjMsOwiAQAP-FsyE8u61H7_2GZlkWqRpISnsy_rsh6UGvM5N5iwWPPS9H421Zo7gK7cXlFwakJ5du4gPLvUqqZd_WIHsiT9vkXCO_bmf7N8jYcv9aFVUwYCKGMYENiZJzAdhMDhid1pqjRSaYBnTJG69h4DSSV8zkjPh8ARjTOI4:1rZZnn:dZx0rsZl3Q2ozxsAERMBXdeoAgLi6icc_mAmd0oH4Lg",
            "expire_date": "2024-02-26T17:09:07.151Z"
        }
    },
    {
        "model": "sessions.session",
        "pk": "wqtul0q9y20n1o4hd0cqxszmmhra8icn",
        "fields": {
            "session_data": ".eJxVjMsOwiAQAP-FsyE8u61H7_2GZlkWqRpISnsy_rsh6UGvM5N5iwWPPS9H421Zo7gK7cXlFwakJ5du4gPLvUqqZd_WIHsiT9vkXCO_bmf7N8jYcv9aFVUwYCKGMYENiZJzAdhMDhid1pqjRSaYBnTJG69h4DSSV8zkjPh8ARjTOI4:1rZWek:F7SE0lZBZkxHb628AgpFxVhQ_iakE05n-hw1e_hE49k",
            "expire_date": "2024-02-26T13:47:34.720Z"
        }
    },
    {
        "model": "sessions.session",
        "pk": "ww3hbbv2vdlsv5gv3ox05s4mg9jn3y8f",
        "fields": {
            "session_data": ".eJxVjMsOwiAQRf-FtSE8B3Dp3m8gAwNSNTQp7cr479qkC93ec859sYjb2uI2yhInYmcmJTv9jgnzo_Sd0B37beZ57usyJb4r_KCDX2cqz8vh_h00HO1boyVICihVkwoIqasVELShojIGqwicJeOLr8ooDTZ4oZ3WDg1acF6y9wcDyDch:1rXN7R:jJAovzmOWRJT84PUWB-C7b5xJlN0VCTpwT2bS-nO9HM",
            "expire_date": "2024-02-20T15:12:17.145Z"
        }
    },
    {
        "model": "sessions.session",
        "pk": "x96bak75smvmtb08ps6m6gnpm5q7z9fe",
        "fields": {
            "session_data": ".eJxVjMsOwiAQRf-FtSE8B3Dp3m8gAwNSNTQp7cr479qkC93ec859sYjb2uI2yhInYmcmJTv9jgnzo_Sd0B37beZ57usyJb4r_KCDX2cqz8vh_h00HO1boyVICihVkwoIqasVELShojIGqwicJeOLr8ooDTZ4oZ3WDg1acF6y9wcDyDch:1rjjhY:vXK6CCeaPrvs-X9JNacFTEiH2bKjFjnjgeeidY4iEn4",
            "expire_date": "2024-03-25T17:44:40.175Z"
        }
    },
    {
        "model": "sessions.session",
        "pk": "x9umxru7dje7s8wtv8fa2w61gqepsj5z",
        "fields": {
            "session_data": ".eJxVjMsOwiAURP-FtWm40PJwpz9CuFNIiQ1NLF0Z_93WdKHLOTNzXiLErU1hW9MzlFFcBRlx-YUc8Uj1aOI8H7iLwLLV1n03Z712tz2l2gpiK0u9n68_1RTXafcwY1A-cXYEhmfTkyTjMwOwugcpTyNYQ0mrcrLS6JQVem0HJ60z4v0BBE08pg:1rkEgr:rm8Zn8hZhZdGxjYN4YajIB1ecOjVoa-R_HweRAl0zyg",
            "expire_date": "2024-03-27T02:50:01.471Z"
        }
    },
    {
        "model": "sessions.session",
        "pk": "xgwj5h4al8rk9h6brpnivy3laap7bobt",
        "fields": {
            "session_data": ".eJwNx8kRgCAMAMBeqICEyGEzTC6Gt8jLsXfd3z6h875n38uvPnnNcAah4gpShyKDU_QB2Kr5YUCYGR21UsyJi1gr-j8NHcgEKiZA4f0ArQ4aRw:1rk1xD:IDF6uVuHjX5YOBZiYVIurmUIUFIyrP-B9W9hatN5uD4",
            "expire_date": "2024-03-26T13:14:03.765Z"
        }
    },
    {
        "model": "sessions.session",
        "pk": "xtc515cejmca4rca5ywgfnx7sdhh1lfz",
        "fields": {
            "session_data": ".eJxVjMsOwiAQRf-FtSE8B3Dp3m8gAwNSNTQp7cr479qkC93ec859sYjb2uI2yhInYmcmJTv9jgnzo_Sd0B37beZ57usyJb4r_KCDX2cqz8vh_h00HO1boyVICihVkwoIqasVELShojIGqwicJeOLr8ooDTZ4oZ3WDg1acF6y9wcDyDch:1reZ7y:pf1T5IWJLnoaEClvNnctFifdzjtttzsPORMX7r4uCSA",
            "expire_date": "2024-03-11T11:26:34.288Z"
        }
    },
    {
        "model": "sessions.session",
        "pk": "xv99zcf1q9on8id9heg8yp5000m87k7q",
        "fields": {
            "session_data": ".eJxVjEEOwiAQRe_C2hDKUGBcuvcMZBhAqoYmpV0Z765NutDtf-_9lwi0rTVsPS9hSuIsjDj9bpH4kdsO0p3abZY8t3WZotwVedAur3PKz8vh_h1U6vVbI2hiXwykxDEDGJtRgUUH2QO7wTm0aFmNanRWqURFexqKZdRaeyTx_gDPqzb7:1rDQlc:nr_poStYXumpW3iYiG_b4XO6M_GfcfhNzXLJLQJGW2c",
            "expire_date": "2023-12-27T15:03:20.459Z"
        }
    },
    {
        "model": "sessions.session",
        "pk": "y3kw0mt811zziqmkx9hj58oocq60vt6f",
        "fields": {
            "session_data": ".eJxVjMsOwiAQRf-FtSEUGAZcuvcbyPCSqoGktCvjv2uTLnR7zzn3xTxta_XbyIufEzszw06_W6D4yG0H6U7t1nnsbV3mwHeFH3Twa0_5eTncv4NKo37rIoQoQFJhcYgTTcJEDRAjkhYSiFBhVMEFJwxaackaDKA1SAsUMLH3B8OXNuU:1rNqbm:S22raAx-JqMbvtcjpCyb4zkhmcr4MyJ3C6KsqMZWtUI",
            "expire_date": "2024-01-25T08:40:14.423Z"
        }
    },
    {
        "model": "sessions.session",
        "pk": "y8cz36eahgltprqqxub1d6tjmmg3swmw",
        "fields": {
            "session_data": ".eJxVjMsOwiAQRf-FtSE8B3Dp3m8gAwNSNTQp7cr479qkC93ec859sYjb2uI2yhInYmcmJTv9jgnzo_Sd0B37beZ57usyJb4r_KCDX2cqz8vh_h00HO1boyVICihVkwoIqasVELShojIGqwicJeOLr8ooDTZ4oZ3WDg1acF6y9wcDyDch:1rY1nC:AHtZESQiSJ6DA5l60SVPR84GcMnADVZ4HphplBhViMg",
            "expire_date": "2024-02-22T10:38:06.426Z"
        }
    },
    {
        "model": "sessions.session",
        "pk": "y8h77houdt92ac2ocuasbt70wkrrmtw8",
        "fields": {
            "session_data": ".eJxVjMsOwiAQRf-FtSE8B3Dp3m8gAwNSNTQp7cr479qkC93ec859sYjb2uI2yhInYmcmJTv9jgnzo_Sd0B37beZ57usyJb4r_KCDX2cqz8vh_h00HO1boyVICihVkwoIqasVELShojIGqwicJeOLr8ooDTZ4oZ3WDg1acF6y9wcDyDch:1rWyGD:71W87ESFoDBAEYFcpxZLTIljtNkv9aFIXHts8DB_4yw",
            "expire_date": "2024-02-19T12:39:41.671Z"
        }
    },
    {
        "model": "sessions.session",
        "pk": "y966rjwhd9epw13vqi6zmtm7dr6ppkh3",
        "fields": {
            "session_data": ".eJxVjMsOwiAQAP-FsyE8u61H7_2GZlkWqRpISnsy_rsh6UGvM5N5iwWPPS9H421Zo7gK7cXlFwakJ5du4gPLvUqqZd_WIHsiT9vkXCO_bmf7N8jYcv9aFVUwYCKGMYENiZJzAdhMDhid1pqjRSaYBnTJG69h4DSSV8zkjPh8ARjTOI4:1rZclJ:fGihrXuKxLBGySyVHyBuxkyIKI1OYEozPxFItrqCOTg",
            "expire_date": "2024-02-26T20:18:45.182Z"
        }
    },
    {
        "model": "sessions.session",
        "pk": "yhnw9fbh6z26wkzse4aafdmk6v7xonz0",
        "fields": {
            "session_data": ".eJxVjMsOwiAQRf-FtSEUGAZcuvcbyPCSqoGktCvjv2uTLnR7zzn3xTxta_XbyIufEzszw06_W6D4yG0H6U7t1nnsbV3mwHeFH3Twa0_5eTncv4NKo37rIoQoQFJhcYgTTcJEDRAjkhYSiFBhVMEFJwxaackaDKA1SAsUMLH3B8OXNuU:1rVda0:AVIlpV8cP-IzAFOHslKs6GlFk_q7AMKxULdc5xizHh8",
            "expire_date": "2024-02-15T20:22:36.702Z"
        }
    },
    {
        "model": "sessions.session",
        "pk": "ymbkwe4xgbebvgxq1x2qt241egdycsj2",
        "fields": {
            "session_data": ".eJxVjMsOwiAQAP-FsyE8u61H7_2GZlkWqRpISnsy_rsh6UGvM5N5iwWPPS9H421Zo7gK7cXlFwakJ5du4gPLvUqqZd_WIHsiT9vkXCO_bmf7N8jYcv9aFVUwYCKGMYENiZJzAdhMDhid1pqjRSaYBnTJG69h4DSSV8zkjPh8ARjTOI4:1rZXiT:5o6p_QJKVO9lmoIWiU6BbEHkF_DVWiZk9cVBGVMecuQ",
            "expire_date": "2024-02-26T14:55:29.807Z"
        }
    },
    {
        "model": "sessions.session",
        "pk": "yv1yyeni2ibc4cjt2hpff828toehhfge",
        "fields": {
            "session_data": ".eJxVjDEOwjAMRe-SGUVpUkPMyM4ZIsd2SAG1UtNOiLtDpQ6w_vfef5lE61LT2nROg5iziebwu2Xih44bkDuNt8nyNC7zkO2m2J02e51En5fd_Tuo1Oq37krMnpCh9JwzojgUVkYHfewIvMSTUoBjDMVrYALgggG1Z0IQV8z7AwUkOK4:1rQDyB:ePGkESlXKL7g6PrbassAoM05NKxxxiYPPd-zt_FdQUY",
            "expire_date": "2024-01-31T22:01:11.597Z"
        }
    },
    {
        "model": "sessions.session",
        "pk": "z44hrv1g596696q961l8gphkhna2evdv",
        "fields": {
            "session_data": ".eJxVjEEOwiAUBe_C2pAW4VNcuvcM5AEfqRqalHZlvLtt0oVu38y8t_BYl-LXxrMfk7gII06_W0B8ct1BeqDeJxmnusxjkLsiD9rkbUr8uh7u30FBK1utskkUzKAQFcfOBksgdLAO0GDis9F9pshZO2bTO4fssmaizXBqEJ8vAnw4gg:1rVsnJ:ldmq1ko_oR8HtNqjq_iFDtjV5uXg_FKAN3_zQqRZNow",
            "expire_date": "2024-02-16T12:37:21.299Z"
        }
    },
    {
        "model": "sessions.session",
        "pk": "z5gj5ksm6nmvywlkv9ipqmr8cgcig6te",
        "fields": {
            "session_data": ".eJxVjEEOwiAUBe_C2pAW4VNcuvcM5AEfqRqalHZlvLtt0oVu38y8t_BYl-LXxrMfk7gII06_W0B8ct1BeqDeJxmnusxjkLsiD9rkbUr8uh7u30FBK1utskkUzKAQFcfOBksgdLAO0GDis9F9pshZO2bTO4fssmaizXBqEJ8vAnw4gg:1rMsVO:lA73mE5pNMABpXtTNsoXnoCqhTbr2I7WlGzhbnIKse4",
            "expire_date": "2024-01-22T16:29:38.300Z"
        }
    },
    {
        "model": "sessions.session",
        "pk": "zag3lrozabxs6fnlmk0nj4z94nma9j1v",
        "fields": {
            "session_data": ".eJxVjMsOwiAQRf-FtSE8B3Dp3m8gAwNSNTQp7cr479qkC93ec859sYjb2uI2yhInYmcmJTv9jgnzo_Sd0B37beZ57usyJb4r_KCDX2cqz8vh_h00HO1boyVICihVkwoIqasVELShojIGqwicJeOLr8ooDTZ4oZ3WDg1acF6y9wcDyDch:1rU9As:pwUOZWu7eQcAWpRzCfEA3PvjcxwcQvdtY047RJTFk-4",
            "expire_date": "2024-02-11T17:42:30.927Z"
        }
    },
    {
        "model": "sessions.session",
        "pk": "zjg9sci6oumunvx3stv5bnui0x64snzg",
        "fields": {
            "session_data": ".eJxVjMsOwiAQRf-FtSHDw4G6dN9vIAwDUjU0Ke3K-O_apAvd3nPOfYkQt7WGreclTCwuQqE4_Y4U0yO3nfA9ttss09zWZSK5K_KgXY4z5-f1cP8Oauz1WyeTuZCPSJoB_BkMDs55W3KxRtFQrAadUQGhjiVpQEjGoS3EwGyUeH8AC2c38w:1rigZd:2DonG1bn0ztoyA7A5nTcSvJM4LqXHyLXxWVnkYhVZoo",
            "expire_date": "2024-03-22T20:12:09.194Z"
        }
    },
    {
        "model": "sessions.session",
        "pk": "zwogohlvgvkjs7f2zuvagd1w26wh689k",
        "fields": {
            "session_data": ".eJxVjMsOwiAQRf-FtSE8B3Dp3m8gAwNSNTQp7cr479qkC93ec859sYjb2uI2yhInYmcmJTv9jgnzo_Sd0B37beZ57usyJb4r_KCDX2cqz8vh_h00HO1boyVICihVkwoIqasVELShojIGqwicJeOLr8ooDTZ4oZ3WDg1acF6y9wcDyDch:1rYuVH:DptUOEjtAoUCj2Yj-vun-01Vgpip2zgNvsBVBN2xnzA",
            "expire_date": "2024-02-24T21:03:15.838Z"
        }
    },
    {
        "model": "sessions.session",
        "pk": "zzauzpfry7jm6mki3gzdrx6td4l4r8rs",
        "fields": {
            "session_data": ".eJxVjMsOwiAURP-FtWnKm3anP0Iu3EtKRJpYcGP8d63ppss5M3PeDGJce23-Rc-cMqGnB-TC5tpLuTAPvS2-b_T0GdnMOGcnGCDeqe4NlLLj4fAN_81Rb8P1l6i2HKHltd6O10m1wLbsHo0mCIMhqUBm5DLp0UxSIYkIkxZorEblyCWhhDR6cqO0UlpQoI11nH2-r2tG-w:1rOgHg:CaiimbD3A5SeTTSUDpgZBf-Tznni9D3pXN8SHFFEyCw",
            "expire_date": "2024-01-27T15:50:56.941Z"
        }
    },
    {
        "model": "sites.site",
        "pk": 1,
        "fields": { "domain": "example.com", "name": "example.com" }
    },
    {
        "model": "users.user",
        "pk": 1,
        "fields": {
            "password": "pbkdf2_sha256$260000$683KuB2XHppu7W4TY3jRfD$61ykt2zqsJKHkgw1Dg8PkbyEAMYgSOPAwXieCfHK7Q8=",
            "is_superuser": false,
            "slug": "wallet",
            "email": "weww@ggg.ccc",
            "username": "Wallet",
            "first_name": "",
            "last_name": "",
            "crypto_percentage": 689,
            "transfer_percentage": 10,
            "date_joined": "2023-12-13T14:29:40.602Z",
            "last_login": "2023-12-13T14:29:58Z",
            "is_staff": false,
            "is_active": true,
            "groups": [],
            "user_permissions": []
        }
    },
    {
        "model": "users.user",
        "pk": 2,
        "fields": {
            "password": "pbkdf2_sha256$260000$EUFq7dVtS4InSa5Y12nXJL$lJ91vzNd8M+/wI61A8G1onvTDRgdu1WoWmjsyFfMT8I=",
            "is_superuser": true,
            "slug": "ce63b2571a39d6bdda009bde6b4eac38",
            "email": "admin@cryptoledger.us",
            "username": "ce63b2571a39d6bdda009bde6b4eac38",
            "first_name": "",
            "last_name": "",
            "crypto_percentage": 10,
            "transfer_percentage": 10,
            "date_joined": "2023-12-13T14:32:03.438Z",
            "last_login": "2024-03-13T11:40:21.395Z",
            "is_staff": true,
            "is_active": true,
            "groups": [],
            "user_permissions": []
        }
    },
    {
        "model": "users.user",
        "pk": 3,
        "fields": {
            "password": "pbkdf2_sha256$260000$GP2jJxT5CFjkrXtitiNe1m$lofsQ6ESVnNUm+oovxFWaAGkNeW2uPPHhIg66tEb90s=",
            "is_superuser": false,
            "slug": "iknow",
            "email": "iknow@gmail.com",
            "username": "iknow",
            "first_name": "",
            "last_name": "",
            "crypto_percentage": 10,
            "transfer_percentage": 10,
            "date_joined": "2023-12-13T14:37:54.068Z",
            "last_login": "2023-12-13T14:37:59.858Z",
            "is_staff": false,
            "is_active": true,
            "groups": [],
            "user_permissions": []
        }
    },
    {
        "model": "users.user",
        "pk": 4,
        "fields": {
            "password": "pbkdf2_sha256$260000$03CxNHaNRPW5R2V3mdtFnV$uYTug9ldcKeToOQqauqlwoJ5xkrrCAAO5oXTBuAyDaE=",
            "is_superuser": false,
            "slug": "mohammed",
            "email": "Mohammedkansari678@gmail.com",
            "username": "Mohammed",
            "first_name": "",
            "last_name": "",
            "crypto_percentage": 720,
            "transfer_percentage": 720,
            "date_joined": "2023-12-13T15:03:01.651Z",
            "last_login": "2023-12-13T23:25:15.690Z",
            "is_staff": false,
            "is_active": true,
            "groups": [],
            "user_permissions": []
        }
    },
    {
        "model": "users.user",
        "pk": 5,
        "fields": {
            "password": "pbkdf2_sha256$260000$GTinlqs7jNdRGcWbcyBpkC$kq+FhRbP/mhUo0tlaecFV5ejaFJzxBRvjOShJRlU6KY=",
            "is_superuser": false,
            "slug": "mdash013",
            "email": "mdash013@gmail.com",
            "username": "mdash013",
            "first_name": "",
            "last_name": "",
            "crypto_percentage": 10,
            "transfer_percentage": 10,
            "date_joined": "2023-12-19T10:31:57.952Z",
            "last_login": "2024-03-11T02:48:41.531Z",
            "is_staff": false,
            "is_active": true,
            "groups": [],
            "user_permissions": []
        }
    },
    {
        "model": "users.user",
        "pk": 6,
        "fields": {
            "password": "pbkdf2_sha256$260000$gN81Hibklh2cyd0kCM8BCr$JZg6Xa9XuF2appZ+Q96vKiS/osTrnlsWxUj6uR3YX3g=",
            "is_superuser": false,
            "slug": "raphcoh",
            "email": "raphcoh@gmail.com",
            "username": "Raphcoh",
            "first_name": "",
            "last_name": "",
            "crypto_percentage": 0,
            "transfer_percentage": 0,
            "date_joined": "2023-12-24T10:42:50.251Z",
            "last_login": "2024-03-08T07:50:00.969Z",
            "is_staff": true,
            "is_active": true,
            "groups": [],
            "user_permissions": []
        }
    },
    {
        "model": "users.user",
        "pk": 7,
        "fields": {
            "password": "pbkdf2_sha256$260000$ZD3hEjdfE6T8TciOjDQiM7$SdjQ+4LHpRgw956KH+0q/DexpWFsYX3qFzEO2+qiOwc=",
            "is_superuser": false,
            "slug": "walletd",
            "email": "Wwwwwe@rrr.com",
            "username": "Walletd",
            "first_name": "",
            "last_name": "",
            "crypto_percentage": 10,
            "transfer_percentage": 899,
            "date_joined": "2023-12-24T11:01:11.064Z",
            "last_login": "2023-12-24T11:01:49Z",
            "is_staff": false,
            "is_active": true,
            "groups": [],
            "user_permissions": []
        }
    },
    {
        "model": "users.user",
        "pk": 8,
        "fields": {
            "password": "pbkdf2_sha256$260000$cVJRgo0UAGky7DTAm2oCeL$o1vAdgV5WCKXCPZBsfCji3o8Ox0QP2Uq6P7VQgtZLew=",
            "is_superuser": false,
            "slug": "damjanovski",
            "email": "Tonydamjanovski69@gmail.com",
            "username": "Damjanovski",
            "first_name": "",
            "last_name": "",
            "crypto_percentage": 0,
            "transfer_percentage": 0,
            "date_joined": "2024-01-02T09:58:23.749Z",
            "last_login": "2024-02-04T07:51:50.237Z",
            "is_staff": false,
            "is_active": true,
            "groups": [],
            "user_permissions": []
        }
    },
    {
        "model": "users.user",
        "pk": 9,
        "fields": {
            "password": "pbkdf2_sha256$260000$JDdDNPp5LQhRlLggiHUUKx$gkEL6VF43zmaxbL1drsBWUkuPHob/nJh5PIxLmI8iAI=",
            "is_superuser": false,
            "slug": "wallattt",
            "email": "qqqqgg@gjm.com",
            "username": "Wallattt",
            "first_name": "",
            "last_name": "",
            "crypto_percentage": 10,
            "transfer_percentage": 10,
            "date_joined": "2024-01-02T10:09:09.243Z",
            "last_login": "2024-01-02T10:10:02.563Z",
            "is_staff": false,
            "is_active": true,
            "groups": [],
            "user_permissions": []
        }
    },
    {
        "model": "users.user",
        "pk": 10,
        "fields": {
            "password": "pbkdf2_sha256$260000$0QnpWBrk2ROQoQwRylym91$FVMURookVr8AFu8WCw1w9aOjkAoZf5EYkYfGBbaGz5Q=",
            "is_superuser": false,
            "slug": "muhammedkaryagis",
            "email": "muhammedkaryagis@gmail.com",
            "username": "muhammedkaryagis",
            "first_name": "",
            "last_name": "",
            "crypto_percentage": 10,
            "transfer_percentage": 10,
            "date_joined": "2024-01-03T12:27:32.947Z",
            "last_login": "2024-01-03T12:27:50.038Z",
            "is_staff": false,
            "is_active": true,
            "groups": [],
            "user_permissions": []
        }
    },
    {
        "model": "users.user",
        "pk": 11,
        "fields": {
            "password": "pbkdf2_sha256$260000$7T94Q9Owh4L4xcsgDtr0H7$zmsxVpdgy9DbA7hTZ6+Mf2xyx4FX1E4hDtfI30ymF/E=",
            "is_superuser": false,
            "slug": "natalia",
            "email": "natakrawchenko191808@gmail.com",
            "username": "Natalia",
            "first_name": "",
            "last_name": "",
            "crypto_percentage": 950,
            "transfer_percentage": 850,
            "date_joined": "2024-01-13T15:50:55.808Z",
            "last_login": "2024-03-13T06:45:02.488Z",
            "is_staff": false,
            "is_active": true,
            "groups": [],
            "user_permissions": []
        }
    },
    {
        "model": "users.user",
        "pk": 12,
        "fields": {
            "password": "pbkdf2_sha256$260000$OQzEwJdwb9aBDIH1GzGpSE$07Dx+IPzrm3gIIT97IXk1ihAromaZq+5Iv36BPXqCYs=",
            "is_superuser": false,
            "slug": "urians",
            "email": "llorcaoriol@gmail.com",
            "username": "Urians",
            "first_name": "",
            "last_name": "",
            "crypto_percentage": 950,
            "transfer_percentage": 950,
            "date_joined": "2024-01-20T23:48:05.192Z",
            "last_login": "2024-01-21T00:33:06.283Z",
            "is_staff": false,
            "is_active": true,
            "groups": [],
            "user_permissions": []
        }
    },
    {
        "model": "users.user",
        "pk": 13,
        "fields": {
            "password": "pbkdf2_sha256$260000$Y4U2GQUNt3Jk3vTb4dIVpL$myyXv6LeFsdNXrUj2GGYD5LMwg/2iM4L3jRUlHsb9VU=",
            "is_superuser": false,
            "slug": "justjodie73",
            "email": "Jacole73@gmail.com",
            "username": "JustJodie73",
            "first_name": "",
            "last_name": "",
            "crypto_percentage": 200,
            "transfer_percentage": 200,
            "date_joined": "2024-01-26T13:07:21.109Z",
            "last_login": "2024-01-26T13:07:36Z",
            "is_staff": false,
            "is_active": true,
            "groups": [],
            "user_permissions": []
        }
    },
    {
        "model": "users.user",
        "pk": 14,
        "fields": {
            "password": "pbkdf2_sha256$260000$5DhQV9OZhl8Nl3CP4DqwNz$xCVAJfJbVIxnS2C68hyT+H4WozxUZmjY/V2a1ywD0GA=",
            "is_superuser": false,
            "slug": "marzi0084",
            "email": "abbasie1702@gmail.com",
            "username": "marzi0084",
            "first_name": "",
            "last_name": "",
            "crypto_percentage": 950,
            "transfer_percentage": 950,
            "date_joined": "2024-02-11T11:57:06.499Z",
            "last_login": "2024-02-18T07:35:47.912Z",
            "is_staff": false,
            "is_active": true,
            "groups": [],
            "user_permissions": []
        }
    },
    {
        "model": "users.user",
        "pk": 15,
        "fields": {
            "password": "pbkdf2_sha256$260000$N8kdbAxM1EgDmkq8OVpNW4$xtehJ7oM37gHmRGt5EmHrnBLYmKci5ARaE+O5Xsfx6o=",
            "is_superuser": false,
            "slug": "ccahill",
            "email": "ccahill230@gmail.com",
            "username": "Ccahill",
            "first_name": "",
            "last_name": "",
            "crypto_percentage": 0,
            "transfer_percentage": 950,
            "date_joined": "2024-02-12T12:13:41.038Z",
            "last_login": "2024-02-18T23:16:14.371Z",
            "is_staff": false,
            "is_active": true,
            "groups": [],
            "user_permissions": []
        }
    },
    {
        "model": "users.user",
        "pk": 16,
        "fields": {
            "password": "pbkdf2_sha256$260000$hSy6JDj8KwxLOEqbjLOy6Y$m+FlncnvNPLO8y9172ug2mXwjdvBa5JYvLvxh2c6Ogs=",
            "is_superuser": false,
            "slug": "giorno88",
            "email": "nbritz88@gmail.com",
            "username": "Giorno88",
            "first_name": "",
            "last_name": "",
            "crypto_percentage": 6450,
            "transfer_percentage": 6450,
            "date_joined": "2024-03-06T14:39:48.171Z",
            "last_login": "2024-03-13T09:44:16.618Z",
            "is_staff": false,
            "is_active": true,
            "groups": [],
            "user_permissions": []
        }
    },
    {
        "model": "users.user",
        "pk": 17,
        "fields": {
            "password": "pbkdf2_sha256$260000$95sVM1wTIZNSdyeEEcJAdt$NSIqm01FFRbRmErhU9FBM0s7IvD4hx5enjHFGfJQwRk=",
            "is_superuser": false,
            "slug": "micarisraf",
            "email": "rfullon@gmail.com",
            "username": "micarisraf",
            "first_name": "",
            "last_name": "",
            "crypto_percentage": 4750,
            "transfer_percentage": 4750,
            "date_joined": "2024-03-07T21:32:29.194Z",
            "last_login": "2024-03-11T16:24:34.483Z",
            "is_staff": false,
            "is_active": true,
            "groups": [],
            "user_permissions": []
        }
    },
    {
        "model": "users.user",
        "pk": 18,
        "fields": {
            "password": "pbkdf2_sha256$260000$30VyuIH7MnvxlEs9Pvcc3I$WP+8RqFj4bc/VbPzSvf1YlFGskb6tN4vVHAtP1XlVHY=",
            "is_superuser": false,
            "slug": "ronithkadek",
            "email": "ayushpandey@triyog.edu.np",
            "username": "ronithkadek",
            "first_name": "",
            "last_name": "",
            "crypto_percentage": 10,
            "transfer_percentage": 10,
            "date_joined": "2024-03-11T13:57:41.732Z",
            "last_login": "2024-03-11T13:57:53.726Z",
            "is_staff": false,
            "is_active": true,
            "groups": [],
            "user_permissions": []
        }
    },
    {
        "model": "users.user",
        "pk": 19,
        "fields": {
            "password": "pbkdf2_sha256$260000$l3DGaLeV6zpjvp41l6MijU$DR6w2Cf0Y5LdX0xXk/4kBQiqsUxKmFnb4NK6GcOL3bk=",
            "is_superuser": false,
            "slug": "dwight900",
            "email": "dwightprendergast22@gmail.com",
            "username": "Dwight900",
            "first_name": "",
            "last_name": "",
            "crypto_percentage": 3250,
            "transfer_percentage": 3250,
            "date_joined": "2024-03-11T15:04:13.169Z",
            "last_login": "2024-03-11T15:05:11Z",
            "is_staff": false,
            "is_active": true,
            "groups": [],
            "user_permissions": []
        }
    },
    {
        "model": "wallets.currency",
        "pk": 1,
        "fields": {
            "name": "USDT",
            "symbol": "TRC20",
            "icon": "https://cryptologos.cc/logos/tether-usdt-logo.png"
        }
    },
    {
        "model": "wallets.currency",
        "pk": 2,
        "fields": {
            "name": "BITCOIN",
            "symbol": "BTC",
            "icon": "https://cryptologos.cc/logos/bitcoin-btc-logo.png?v=029"
        }
    },
    {
        "model": "wallets.currency",
        "pk": 3,
        "fields": {
            "name": "ETHEREUM",
            "symbol": "ETH",
            "icon": "https://cryptologos.cc/logos/ethereum-eth-logo.png?v=029"
        }
    },
    { "model": "wallets.wallet", "pk": 1, "fields": { "user": 1 } },
    { "model": "wallets.wallet", "pk": 2, "fields": { "user": 2 } },
    { "model": "wallets.wallet", "pk": 3, "fields": { "user": 3 } },
    { "model": "wallets.wallet", "pk": 4, "fields": { "user": 4 } },
    { "model": "wallets.wallet", "pk": 5, "fields": { "user": 5 } },
    { "model": "wallets.wallet", "pk": 6, "fields": { "user": 6 } },
    { "model": "wallets.wallet", "pk": 7, "fields": { "user": 7 } },
    { "model": "wallets.wallet", "pk": 8, "fields": { "user": 8 } },
    { "model": "wallets.wallet", "pk": 9, "fields": { "user": 9 } },
    { "model": "wallets.wallet", "pk": 10, "fields": { "user": 10 } },
    { "model": "wallets.wallet", "pk": 11, "fields": { "user": 11 } },
    { "model": "wallets.wallet", "pk": 12, "fields": { "user": 12 } },
    { "model": "wallets.wallet", "pk": 13, "fields": { "user": 13 } },
    { "model": "wallets.wallet", "pk": 14, "fields": { "user": 14 } },
    { "model": "wallets.wallet", "pk": 15, "fields": { "user": 15 } },
    { "model": "wallets.wallet", "pk": 16, "fields": { "user": 16 } },
    { "model": "wallets.wallet", "pk": 17, "fields": { "user": 17 } },
    { "model": "wallets.wallet", "pk": 18, "fields": { "user": 18 } },
    { "model": "wallets.wallet", "pk": 19, "fields": { "user": 19 } },
    {
        "model": "wallets.currencybalance",
        "pk": 1,
        "fields": {
            "wallet": 1,
            "currency": 1,
            "balance": "50000.00",
            "show_pending": false
        }
    },
    {
        "model": "wallets.currencybalance",
        "pk": 2,
        "fields": {
            "wallet": 3,
            "currency": 1,
            "balance": "721506.00",
            "show_pending": false
        }
    },
    {
        "model": "wallets.currencybalance",
        "pk": 3,
        "fields": {
            "wallet": 3,
            "currency": 2,
            "balance": "100.00",
            "show_pending": false
        }
    },
    {
        "model": "wallets.currencybalance",
        "pk": 4,
        "fields": {
            "wallet": 4,
            "currency": 1,
            "balance": "9510.00",
            "show_pending": false
        }
    },
    {
        "model": "wallets.currencybalance",
        "pk": 5,
        "fields": {
            "wallet": 5,
            "currency": 2,
            "balance": "0.00",
            "show_pending": false
        }
    },
    {
        "model": "wallets.currencybalance",
        "pk": 6,
        "fields": {
            "wallet": 5,
            "currency": 1,
            "balance": "20020.00",
            "show_pending": false
        }
    },
    {
        "model": "wallets.currencybalance",
        "pk": 7,
        "fields": {
            "wallet": 6,
            "currency": 2,
            "balance": "0.00",
            "show_pending": false
        }
    },
    {
        "model": "wallets.currencybalance",
        "pk": 8,
        "fields": {
            "wallet": 6,
            "currency": 1,
            "balance": "19950.00",
            "show_pending": false
        }
    },
    {
        "model": "wallets.currencybalance",
        "pk": 9,
        "fields": {
            "wallet": 7,
            "currency": 2,
            "balance": "0.00",
            "show_pending": false
        }
    },
    {
        "model": "wallets.currencybalance",
        "pk": 10,
        "fields": {
            "wallet": 7,
            "currency": 1,
            "balance": "8900.00",
            "show_pending": false
        }
    },
    {
        "model": "wallets.currencybalance",
        "pk": 11,
        "fields": {
            "wallet": 8,
            "currency": 2,
            "balance": "0.00",
            "show_pending": false
        }
    },
    {
        "model": "wallets.currencybalance",
        "pk": 12,
        "fields": {
            "wallet": 8,
            "currency": 1,
            "balance": "0.00",
            "show_pending": false
        }
    },
    {
        "model": "wallets.currencybalance",
        "pk": 13,
        "fields": {
            "wallet": 9,
            "currency": 2,
            "balance": "0.00",
            "show_pending": false
        }
    },
    {
        "model": "wallets.currencybalance",
        "pk": 14,
        "fields": {
            "wallet": 9,
            "currency": 1,
            "balance": "0.00",
            "show_pending": false
        }
    },
    {
        "model": "wallets.currencybalance",
        "pk": 15,
        "fields": {
            "wallet": 9,
            "currency": 3,
            "balance": "0.00",
            "show_pending": false
        }
    },
    {
        "model": "wallets.currencybalance",
        "pk": 16,
        "fields": {
            "wallet": 8,
            "currency": 3,
            "balance": "152898.03",
            "show_pending": false
        }
    },
    {
        "model": "wallets.currencybalance",
        "pk": 17,
        "fields": {
            "wallet": 10,
            "currency": 2,
            "balance": "0.00",
            "show_pending": false
        }
    },
    {
        "model": "wallets.currencybalance",
        "pk": 18,
        "fields": {
            "wallet": 10,
            "currency": 1,
            "balance": "0.00",
            "show_pending": false
        }
    },
    {
        "model": "wallets.currencybalance",
        "pk": 19,
        "fields": {
            "wallet": 10,
            "currency": 3,
            "balance": "0.00",
            "show_pending": false
        }
    },
    {
        "model": "wallets.currencybalance",
        "pk": 20,
        "fields": {
            "wallet": 11,
            "currency": 2,
            "balance": "0.00",
            "show_pending": false
        }
    },
    {
        "model": "wallets.currencybalance",
        "pk": 21,
        "fields": {
            "wallet": 11,
            "currency": 1,
            "balance": "41500.00",
            "show_pending": false
        }
    },
    {
        "model": "wallets.currencybalance",
        "pk": 22,
        "fields": {
            "wallet": 11,
            "currency": 3,
            "balance": "0.00",
            "show_pending": false
        }
    },
    {
        "model": "wallets.currencybalance",
        "pk": 23,
        "fields": {
            "wallet": 12,
            "currency": 2,
            "balance": "0.00",
            "show_pending": false
        }
    },
    {
        "model": "wallets.currencybalance",
        "pk": 24,
        "fields": {
            "wallet": 12,
            "currency": 1,
            "balance": "0.00",
            "show_pending": false
        }
    },
    {
        "model": "wallets.currencybalance",
        "pk": 25,
        "fields": {
            "wallet": 12,
            "currency": 3,
            "balance": "10999.00",
            "show_pending": false
        }
    },
    {
        "model": "wallets.currencybalance",
        "pk": 26,
        "fields": {
            "wallet": 13,
            "currency": 2,
            "balance": "0.00",
            "show_pending": false
        }
    },
    {
        "model": "wallets.currencybalance",
        "pk": 27,
        "fields": {
            "wallet": 13,
            "currency": 1,
            "balance": "0.00",
            "show_pending": false
        }
    },
    {
        "model": "wallets.currencybalance",
        "pk": 28,
        "fields": {
            "wallet": 13,
            "currency": 3,
            "balance": "622.00",
            "show_pending": false
        }
    },
    {
        "model": "wallets.currencybalance",
        "pk": 29,
        "fields": {
            "wallet": 14,
            "currency": 2,
            "balance": "0.00",
            "show_pending": false
        }
    },
    {
        "model": "wallets.currencybalance",
        "pk": 30,
        "fields": {
            "wallet": 14,
            "currency": 1,
            "balance": "22700.00",
            "show_pending": false
        }
    },
    {
        "model": "wallets.currencybalance",
        "pk": 31,
        "fields": {
            "wallet": 14,
            "currency": 3,
            "balance": "0.00",
            "show_pending": false
        }
    },
    {
        "model": "wallets.currencybalance",
        "pk": 32,
        "fields": {
            "wallet": 15,
            "currency": 2,
            "balance": "950.00",
            "show_pending": false
        }
    },
    {
        "model": "wallets.currencybalance",
        "pk": 33,
        "fields": {
            "wallet": 15,
            "currency": 1,
            "balance": "58100.32",
            "show_pending": false
        }
    },
    {
        "model": "wallets.currencybalance",
        "pk": 34,
        "fields": {
            "wallet": 15,
            "currency": 3,
            "balance": "0.00",
            "show_pending": false
        }
    },
    {
        "model": "wallets.currencybalance",
        "pk": 35,
        "fields": {
            "wallet": 16,
            "currency": 2,
            "balance": "0.00",
            "show_pending": false
        }
    },
    {
        "model": "wallets.currencybalance",
        "pk": 36,
        "fields": {
            "wallet": 16,
            "currency": 1,
            "balance": "0.00",
            "show_pending": false
        }
    },
    {
        "model": "wallets.currencybalance",
        "pk": 37,
        "fields": {
            "wallet": 16,
            "currency": 3,
            "balance": "119726.00",
            "show_pending": false
        }
    },
    {
        "model": "wallets.currencybalance",
        "pk": 38,
        "fields": {
            "wallet": 17,
            "currency": 2,
            "balance": "0.00",
            "show_pending": false
        }
    },
    {
        "model": "wallets.currencybalance",
        "pk": 39,
        "fields": {
            "wallet": 17,
            "currency": 1,
            "balance": "59750.00",
            "show_pending": false
        }
    },
    {
        "model": "wallets.currencybalance",
        "pk": 40,
        "fields": {
            "wallet": 17,
            "currency": 3,
            "balance": "0.00",
            "show_pending": false
        }
    },
    {
        "model": "wallets.currencybalance",
        "pk": 41,
        "fields": {
            "wallet": 18,
            "currency": 2,
            "balance": "0.00",
            "show_pending": false
        }
    },
    {
        "model": "wallets.currencybalance",
        "pk": 42,
        "fields": {
            "wallet": 18,
            "currency": 1,
            "balance": "0.00",
            "show_pending": false
        }
    },
    {
        "model": "wallets.currencybalance",
        "pk": 43,
        "fields": {
            "wallet": 18,
            "currency": 3,
            "balance": "0.00",
            "show_pending": false
        }
    },
    {
        "model": "wallets.currencybalance",
        "pk": 44,
        "fields": {
            "wallet": 19,
            "currency": 2,
            "balance": "0.00",
            "show_pending": false
        }
    },
    {
        "model": "wallets.currencybalance",
        "pk": 45,
        "fields": {
            "wallet": 19,
            "currency": 1,
            "balance": "14920.00",
            "show_pending": false
        }
    },
    {
        "model": "wallets.currencybalance",
        "pk": 46,
        "fields": {
            "wallet": 19,
            "currency": 3,
            "balance": "0.00",
            "show_pending": false
        }
    },
    {
        "model": "histories.history",
        "pk": 1,
        "fields": {
            "user": 4,
            "currency": 1,
            "amount": "9510.00",
            "tx_type": "receive",
            "created_at": "2023-12-13T16:04:57.227Z"
        }
    },
    {
        "model": "histories.history",
        "pk": 2,
        "fields": {
            "user": 6,
            "currency": 1,
            "amount": "15000.00",
            "tx_type": "receive",
            "created_at": "2023-12-24T11:03:35.544Z"
        }
    },
    {
        "model": "histories.history",
        "pk": 3,
        "fields": {
            "user": 8,
            "currency": 3,
            "amount": "149998.03",
            "tx_type": "receive",
            "created_at": "2024-01-02T10:13:11.677Z"
        }
    },
    {
        "model": "histories.history",
        "pk": 4,
        "fields": {
            "user": 11,
            "currency": 1,
            "amount": "41500.00",
            "tx_type": "receive",
            "created_at": "2024-01-14T10:19:06.401Z"
        }
    },
    {
        "model": "histories.history",
        "pk": 5,
        "fields": {
            "user": 12,
            "currency": 3,
            "amount": "10999.00",
            "tx_type": "receive",
            "created_at": "2024-01-21T00:03:53.802Z"
        }
    },
    {
        "model": "histories.history",
        "pk": 6,
        "fields": {
            "user": 14,
            "currency": 1,
            "amount": "22700.00",
            "tx_type": "receive",
            "created_at": "2024-02-12T13:37:33.173Z"
        }
    },
    {
        "model": "histories.history",
        "pk": 7,
        "fields": {
            "user": 16,
            "currency": 3,
            "amount": "119726.00",
            "tx_type": "receive",
            "created_at": "2024-03-07T07:36:17.308Z"
        }
    },
    {
        "model": "histories.history",
        "pk": 8,
        "fields": {
            "user": 17,
            "currency": 1,
            "amount": "59750.00",
            "tx_type": "receive",
            "created_at": "2024-03-08T02:05:49.957Z"
        }
    }
]
